{
  "version": 8,
  "name": "CSJYTH_BaseMap",
  "sources": {
    "CSJYTH_BaseMap": {
      "tiles": [
        "http://map2.cityfun.com.cn/geoserver/gwc/service/tms/1.0.0/CSJYTH_BaseMap%3ACSJYTH_BaseMap@EPSG%3A4326@pbf/{z}/{x}/{y}.pbf"
                                                       
      ],
	  "zoomOffset": -1,
      "type": "vector",
      "scheme":"tms"
    },
    "CSJYTH_XZJX": {
      "tiles": [
        "http://map2.cityfun.com.cn/geoserver/gwc/service/tms/1.0.0/CSJYTH_BaseMap%3ACSJYTH_XZJX@EPSG%3A4326@pbf/{z}/{x}/{y}.pbf"
                                                       
      ],
	  "zoomOffset": -1,
      "type": "vector",
      "scheme":"tms"
    },
    "CSJYTH_JZW": {
      "tiles": [
        "http://map2.cityfun.com.cn/geoserver/gwc/service/tms/1.0.0/CSJYTH_BaseMap%3ACSJYTH_JZW@EPSG%3A4326@pbf/{z}/{x}/{y}.pbf"
                                                       
      ],
	  "zoomOffset": -1,
      "type": "vector",
      "scheme":"tms"
    },
    "CSJYTH_Road": {
      "tiles": [
        "http://map2.cityfun.com.cn/geoserver/gwc/service/tms/1.0.0/CSJYTH_BaseMap%3ACSJYTH_Road@EPSG%3A4326@pbf/{z}/{x}/{y}.pbf"
                                                       
      ],
	  "zoomOffset": -1,
      "type": "vector",
      "scheme":"tms"
    },
    "CSJYTH_SX": {
      "tiles": [
        "http://map2.cityfun.com.cn/geoserver/gwc/service/tms/1.0.0/CSJYTH_BaseMap%3ACSJYTH_SX@EPSG%3A4326@pbf/{z}/{x}/{y}.pbf"
                                                       
      ],
	  "zoomOffset": -1,
      "type": "vector",
      "scheme":"tms"
    }
  },
  "glyphs": "http://webres.cityfun.com.cn/csjmap/fonts/{fontstack}/{range}.pbf",
  "sprite": "http://webres.cityfun.com.cn/csjmap/sprites/sprite",
   "zoom": 9,
    "center": [120.87297, 31.00889],
  "layers": [
      {
        "id": "background",
        "type": "background",
        "paint": {
          "background-color": "#FAFAFA"
        }
      },
      {
        "id": "xzqh_qx_p",
        "type": "fill",
        "source": "CSJYTH_BaseMap",
        "source-layer": "xzqh_qx_p",
        "minzoom":9,
        "layout": {
        },
        "paint": {
          "fill-color": ["interpolate",["linear"],["zoom"],8,"#FAF8F0",22,"#F2F0E9"]
        }
      },
      {
        "id": "sx_sx_p",
        "type": "fill",
        "source": "CSJYTH_SX",
        "source-layer": "sx_sx_p",
        "minzoom":9,
        "layout": {
        },
        "paint": {
          "fill-color": [
            "step",
            ["zoom"],
            [
                "case",
                [">=", ["to-number", ["get", "mj"]], 3000000],
                "#9DBAD1",
                "hsla(0, 72%, 53%, 0)"
            ],
            12,
            [
                "case",
                [">=", ["to-number", ["get", "mj"]], 500000],
                "#9DBAD1",
                "hsla(0, 72%, 53%, 0)"
            ],
            14,
            [
                "case",
                [">=", ["to-number", ["get", "mj"]], 20000],
                "#9DBAD1",
                "hsla(0, 72%, 53%, 0)"
            ],
            16,
            "#9DBAD1"
        ]
        }
      },
      {
        "id": "xzqh_qx_b",
        "type": "fill",
        "source": "CSJYTH_XZJX",
        "source-layer": "xzqh_qx_b",
        "layout": {
        },
        "paint": {
          "fill-color": ["match",["to-number", ["get", "distance"]],[400],"#CCC8C2",[800],"#E6E1DA","#000000"],
        "fill-opacity": ["interpolate",["linear"],["zoom"], 9,1, 10,0.5, 16,0.2]
        }
      }, 
      
      {
        "id": "xzqh_xz_l",
        "type": "line",
        "source": "CSJYTH_XZJX",
        "source-layer": "xzqh_xz_l",
        "minzoom": 9,
        "layout": {},
        "paint": {
            "line-color": ["interpolate",["linear"],["zoom"],9,"#B2B2B2",22,"#818181"],
            "line-width": ["interpolate",["linear"],["zoom"],8,0.8, 10,1, 12,1.5, 22,2],
            "line-dasharray": [
              "step",
              ["zoom"],
              ["literal", [2, 2]],
              9,
              ["literal", [4, 4]],
              10,
              ["literal", [6, 6]],
              12,
              ["literal", [8, 8]]
            ]
        }
      },

      {
        "id": "xzqh_qx_l",
        "type": "line",
        "source": "CSJYTH_XZJX",
        "source-layer": "xzqh_qx_l",
        "minzoom": 9,
        "layout": {},
        "paint": {
          "line-color": ["interpolate",["linear"],["zoom"],10,"#A6A6A6",22,"#818181"],
            "line-width": ["interpolate",["linear"],["zoom"],9,1.2, 10,1.5, 12,2],
            "line-dasharray": [
                "step",
                ["zoom"],
                ["literal", [3.5, 1, 0.5, 1, 0.5]],
                9,
                ["literal", [7, 2, 1, 2, 1]],
                16,
                ["literal", [10.5, 3, 1.5, 3, 1.5]]
            ]
        }
      },
      {
        "id": "dlzxx_sqyjdl_l_case_s",
        "type": "line",
        "source": "CSJYTH_Road",
        "source-layer": "dlzxx_sqyjdl_l",
        "minzoom": 11,
        "maxzoom": 12,
        "layout": {
          "line-cap": "round",
          "line-join": "round"
        },
        "paint": {
          "line-color": "#d9d9d9",
          "line-width": 0.5    
        }
      },
      {
        "id": "dlzxx_xd_l_case_s",
        "type": "line",
        "source": "CSJYTH_Road",
        "source-layer": "dlzxx_xd_l",
        "minzoom": 9,
        "maxzoom": 10,
        "layout": {
          "line-cap": "round",
          "line-join": "round"
        },
        "paint": {
          "line-color": "#d9d9d9",
          "line-width": 0.5    
        }
      },  
      {
        "id": "dlzxx_qtdl_l_case",
        "type": "line",
        "source": "CSJYTH_Road",
        "source-layer": "dlzxx_qtdl_l",
        "minzoom": 13,
        "layout": {
          "line-cap": "round",
          "line-join": "round"
        },
        "paint": {
          "line-color": "#D9D9D9",
          "line-width": ["interpolate",["linear"],["zoom"],0,0, 12,4, 14,5, 18,8, 22,10]
                         
        }
      },
      {
        "id": "dlzxx_sqyjdl_l_case",
        "type": "line",
        "source": "CSJYTH_Road",
        "source-layer": "dlzxx_sqyjdl_l",
        "minzoom": 12,
        "layout": {
          "line-cap": "round",
          "line-join": "round"
        },
        "paint": {
          "line-color": "#D9D9D9",
          "line-width": ["interpolate",["linear"],["zoom"],0,0, 10,4, 12,5, 14,8, 18,10]
                         
        }
      },
      {
        "id": "dlzxx_xd_l_case",
        "type": "line",
        "source": "CSJYTH_Road",
        "source-layer": "dlzxx_xd_l",
        "minzoom": 10,
        "layout": {
          "line-cap": "round",
          "line-join": "round"
        },
        "paint": {
          "line-color": "#D9D9D9",
          "line-width": ["interpolate",["linear"],["zoom"],0,0, 10,4, 12,5, 14,8, 18,10]
                         
        }
      },
      {
        "id": "dlzxx_csksl_l_case",
        "type": "line",
        "source": "CSJYTH_Road",
        "source-layer": "dlzxx_csksl_l",
        "minzoom": 10,
        "layout": {
          "line-cap": "round",
          "line-join": "round"
        },
        "paint": {
          "line-color": ["interpolate",["linear"],["zoom"],9,"#c4a54c",11,"#d3ae47"],
          "line-width": ["interpolate",["linear"],["zoom"],0,0, 10,4, 12,7, 14,10, 18,12]
        }
      },
      {
        "id": "dlzxx_sd_l_case",
        "type": "line",
        "source": "CSJYTH_Road",
        "source-layer": "dlzxx_sd_l",
        "minzoom": 9,
        "layout": {
          "line-cap": "round",
          "line-join": "round"
        },
        "paint": {
          "line-color": ["interpolate",["linear"],["zoom"],10,"#cdb673", 11,"#d9c37c"],
          "line-width": ["interpolate",["linear"],["zoom"],0,0, 9,3, 10,4, 12,7, 14,10, 18,12]
        }
      },
      {
        "id": "dlzxx_gd_l_case",
        "type": "line",
        "source": "CSJYTH_Road",
        "source-layer": "dlzxx_gd_l",
        "minzoom": 9,
        "layout": {
          "line-cap": "round",
          "line-join": "round"
        },
        "paint": {
          "line-color": ["interpolate",["linear"],["zoom"],10,"#cdb673", 11,"#d9c37c"],
          "line-width": ["interpolate",["linear"],["zoom"],0,0,  9,3, 10,4, 12,7, 14,10, 18,12]
        }
      },
      {
        "id": "dlzxx_gs_l_case",
        "type": "line",
        "source": "CSJYTH_Road",
        "source-layer": "dlzxx_gs_l",
        "minzoom": 9,
        "layout": {
          "line-cap": "round",
          "line-join": "round"
        },
        "paint": {
          "line-color": ["interpolate",["linear"],["zoom"],8,"#CC8F62", 11,"#D98D41"],
          "line-width": ["interpolate",["linear"],["zoom"],0,0, 9,4, 10,5, 11,7, 12,9, 14,12, 16,14]
        }
      },
      {
        "id": "dlzxx_qtdl_l",
        "type": "line",
        "source": "CSJYTH_Road",
        "source-layer": "dlzxx_qtdl_l",
        "minzoom": 13,
        "layout": {"line-cap": "round","line-join": "round"},
        "paint": {
          "line-color":"#FFFFFF",
          "line-width": ["interpolate",["linear"],["zoom"],0,0, 10,2, 14,3, 18,6, 22,8]
        }
      },
      {
        "id": "dlzxx_sqyjdl_l",
        "type": "line",
        "source": "CSJYTH_Road",
        "source-layer": "dlzxx_sqyjdl_l",
        "minzoom": 12,
        "layout": {"line-cap": "round","line-join": "round"},
        "paint": {
          "line-color":"#FFFFFF",
          "line-width": ["interpolate",["linear"],["zoom"],0,0, 10,2, 12,3, 14,6, 18,8]
        }
      },
      {
        "id": "dlzxx_xd_l",
        "type": "line",
        "source": "CSJYTH_Road",
        "source-layer": "dlzxx_xd_l",
        "minzoom": 10,
        "layout": {"line-cap": "round","line-join": "round"},
        "paint": {
          "line-color":"#FFFFFF",
          "line-width": ["interpolate",["linear"],["zoom"],0,0, 10,2, 12,3, 14,6, 18,8]
        }
      },
      {
        "id": "dlzxx_csksl_l",
        "type": "line",
        "source": "CSJYTH_Road",
        "source-layer": "dlzxx_csksl_l",
        "minzoom": 9,
        "layout": {"line-cap": "round","line-join": "round"},
        "paint": {
          "line-color":["interpolate",["linear"],["zoom"],10,"#ffd973",11,"#ffd050"],
          "line-width": ["interpolate",["linear"],["zoom"],0,0, 9,1.5, 10,2, 12,5, 14,8, 18,10]
        }
      },
      {
        "id": "dlzxx_sd_l",
        "type": "line",
        "source": "CSJYTH_Road",
        "source-layer": "dlzxx_sd_l",
        "minzoom": 9,
        "layout": {"line-cap": "round","line-join": "round"},
        "paint": {
          "line-color":["interpolate",["linear"],["zoom"],10,"#ffe690",11,"#ffeb93"],
          "line-width": ["interpolate",["linear"],["zoom"],0,0, 9,1.5, 10,2, 11,3, 12,5, 14,8, 18,10]
        }
      },
      {
        "id": "dlzxx_gd_l",
        "type": "line",
        "source": "CSJYTH_Road",
        "source-layer": "dlzxx_gd_l",
        "minzoom": 9,
        "layout": {"line-cap": "round","line-join": "round"},
        "paint": {
          "line-color":["interpolate",["linear"],["zoom"],10,"#ffe690",11,"#ffeb93"],
          "line-width": ["interpolate",["linear"],["zoom"],0,0, 9,1.5, 10,2, 11,3, 12,5, 14,8, 18,10]
        }
      },
      {
        "id": "dlzxx_gs_l",
        "type": "line",
        "source": "CSJYTH_Road",
        "source-layer": "dlzxx_gs_l",
        "minzoom": 9,
        "layout": {
          "line-cap": "round",
          "line-join": "round"
        },
        "paint": {
          "line-color":["interpolate",["linear"],["zoom"],8,"#F0AA65",11,"#FFA54E"],
          "line-width": ["interpolate",["linear"],["zoom"],0,0, 9,2, 10,3, 11,5, 12,7, 14,10, 18,12]
        }
      },
      {
        "id": "jzw_jzw_p",
        "type": "fill-extrusion",
        "source": "CSJYTH_JZW",
        "source-layer": "jzw_jzw_p",
        "minzoom": 15,
        "layout": {},
        "paint": {
            "fill-extrusion-height": [
              "interpolate",
              ["linear"],
              ["zoom"],
              10,3,
              22,5],
            "fill-extrusion-color": "#FFFFFF",
            "fill-extrusion-opacity": ["interpolate",["linear"],["zoom"],10,0.7,18,0.5],
            "fill-extrusion-vertical-gradient": false
        }  
      },

      {
        "id": "sx_sx_pt",
        "type": "symbol",
        "source": "CSJYTH_SX",
        "source-layer": "sx_sx_p",
        "minzoom":9,
        "layout": {
            "text-field": ["to-string", ["get", "name"]],
            "text-optional": true,
            "text-size": 10,
            "text-padding": ["interpolate",["linear"],["zoom"],9,50, 12,80],
            "text-font": ["MicrosoftYaHeiRegular"]
        },
        "paint": {
            "text-color": [
              "step",
              ["zoom"],
              [
                  "case",
                  [">=", ["to-number", ["get", "mj"]], 3000000],
                  "#3F5C73",
                  "hsla(0, 72%, 53%, 0)"
              ],
              12,
              [
                  "case",
                  [">=", ["to-number", ["get", "mj"]], 500000],
                  "#3F5C73",
                  "hsla(0, 72%, 53%, 0)"
              ],
              14,
              [
                  "case",
                  [">=", ["to-number", ["get", "mj"]], 20000],
                  "#3F5C73",
                  "hsla(0, 72%, 53%, 0)"
              ],
              16,
              "#3F5C73"
          ],
            "text-halo-width": 0,
            "text-halo-color": "#FFFFFF"
        }
      },
      {
        "id": "dlzxx_sqyjdl_l_label",
        "type": "symbol",
        "source": "CSJYTH_Road",
        "source-layer": "dlzxx_sqyjdl_l",
        "minzoom": 13,
        "layout": {
          "symbol-placement": "line",
          "text-font":["step",["zoom"],["literal",["MicrosoftYaHeiRegular"]],16,["literal",["MicrosoftYaHeiBold"]]],
          "text-size": ["interpolate",["linear"],["zoom"], 12,10,  16,12, 18,14],
          "text-max-width": 8,
          "text-field": ["to-string", ["get", "name"]],
          "text-letter-spacing": ["interpolate",["linear"],["zoom"],10,0.2, 11,0.1, 12,0.1, 13,0.1, 14,0.2, 16,0.3],
          "symbol-spacing": ["interpolate",["linear"],["zoom"],8,0,  11,300, 12,350, 13,550, 14,750, 16,900],
          "text-optional": true
        },
        "paint": {
          "text-color": "#4E4E4E",
          "text-halo-color": "#FFFFFF",
          "text-halo-width": 1.2
        }
      },
      {
        "id": "dlzxx_xd_l_label",
        "type": "symbol",
        "source": "CSJYTH_Road",
        "source-layer": "dlzxx_xd_l",
        "minzoom": 11,
        "layout": {
          "symbol-placement": "line",
          "text-font":["step",["zoom"],["literal",["MicrosoftYaHeiRegular"]],16,["literal",["MicrosoftYaHeiBold"]]],
          "text-size": ["interpolate",["linear"],["zoom"], 12,10,  16,12, 18,14],
          "text-max-width": 8,
          "text-field": ["to-string", ["get", "name"]],
          "text-letter-spacing": ["interpolate",["linear"],["zoom"],10,0.2, 11,0.1, 12,0.1, 13,0.1, 14,0.2, 16,0.3],
          "symbol-spacing": ["interpolate",["linear"],["zoom"],8,0,  11,300, 12,350, 13,550, 14,750, 16,900],
          "text-optional": true
        },
        "paint": {
          "text-color": "#4E4E4E",
          "text-halo-color": "#FFFFFF",
          "text-halo-width": 1.2
        }
      },
      {
        "id": "dlzxx_csksl_l_label",
        "type": "symbol",
        "source": "CSJYTH_Road",
        "source-layer": "dlzxx_csksl_l",
        "minzoom": 10,
        "layout": {
          "symbol-placement": "line",
          "text-font":["step",["zoom"],["literal",["MicrosoftYaHeiRegular"]],16,["literal",["MicrosoftYaHeiBold"]]],
          "text-size": ["interpolate",["linear"],["zoom"], 10,10, 12,12,  14,12, 18,14],
          "text-max-width": 8,
          "text-field": ["to-string", ["get", "BZMC"]],
          "text-letter-spacing": ["interpolate",["linear"],["zoom"],10,0.1, 11,0.1, 12,0.1, 13,0.1, 14,0.2, 16,0.3],
          "symbol-spacing": ["interpolate",["linear"],["zoom"],8,0, 10,250, 11,500, 12,350, 13,550, 14,750, 16,900],
          "text-optional": true
        },
        "paint": {
          "text-color": "#4E4E4E",
          "text-halo-color": "#FFFFFF",
          "text-halo-width": 1.2
        }
      },
      {
        "id": "dlzxx_sd_l_label",
        "type": "symbol",
        "source": "CSJYTH_Road",
        "source-layer": "dlzxx_sd_l",
        "minzoom": 10,
        "layout": {
          "symbol-placement": "line",
          "text-font":["step",["zoom"],["literal",["MicrosoftYaHeiRegular"]],16,["literal",["MicrosoftYaHeiBold"]]],
          "text-size": ["interpolate",["linear"],["zoom"], 10,10, 12,12,  14,12, 18,14],
          "text-max-width": 8,
          "text-field": ["to-string", ["get", "name"]],
          "text-letter-spacing": ["interpolate",["linear"],["zoom"],10,0.1, 11,0.1, 12,0.1, 13,0.2, 14,0.2, 16,0.3],
          "symbol-spacing": ["interpolate",["linear"],["zoom"],8,0, 10,250, 11,300, 12,350, 13,550, 14,750],
          "text-optional": true
        },
        "paint": {
          "text-color": "#4E4E4E",
          "text-halo-color": "#FFFFFF",
          "text-halo-width": 1.2
        }
      },
      {
        "id": "dlzxx_gd_l_label",
        "type": "symbol",
        "source": "CSJYTH_Road",
        "source-layer": "dlzxx_gd_l",
        "minzoom": 10,
        "layout": {
          "symbol-placement": "line",
          "text-font":["step",["zoom"],["literal",["MicrosoftYaHeiRegular"]],16,["literal",["MicrosoftYaHeiBold"]]],
          "text-size": ["interpolate",["linear"],["zoom"], 10,10, 12,12,  14,12, 18,14],
          "text-max-width": 8,
          "text-field": ["to-string", ["get", "name"]],
          "text-letter-spacing": ["interpolate",["linear"],["zoom"],10,0.1, 11,0.1, 12,0.1, 13,0.2, 14,0.2, 16,0.3],
          "symbol-spacing": ["interpolate",["linear"],["zoom"],8,0, 10,250, 11,300, 12,350, 13,550, 14,750],
          "text-optional": true
        },
        "paint": {
          "text-color": "#4E4E4E",
          "text-halo-color": "#FFFFFF",
          "text-halo-width": 1.2
        }
      },
      {
        "id": "dlzxx_gs_l_label",
        "type": "symbol",
        "source": "CSJYTH_Road",
        "source-layer": "dlzxx_gs_l",
        "minzoom": 9,
        "layout": {
          "symbol-placement": "line",
          "text-font":["step",["zoom"],["literal",["MicrosoftYaHeiRegular"]],15,["literal",["MicrosoftYaHeiBold"]]],
          "text-size": ["interpolate",["linear"],["zoom"],9,10, 10,12,  14,14, 18,16],
          "text-max-width": 8,
          "text-field": ["to-string", ["get", "bzmc"]],
          "text-letter-spacing": ["interpolate",["linear"],["zoom"],9,0.1, 11,0.1, 12,0.1, 13,0.2, 14,0.2, 16,0.3],
          "symbol-spacing": ["interpolate",["linear"],["zoom"],8,0, 9,0, 10,0, 11,200, 12,340, 13,550, 14,750],
          "text-optional": true
        },
        "paint": {
          "text-color": "#8C4600",
          "text-halo-color": "#FFFFFF",
          "text-halo-width": 1.5
        }
      },
      {
        "id": "dlzxx_gs_l_sg",
        "type": "symbol",
        "source": "CSJYTH_Road",
        "source-layer": "dlzxx_gs_l",
        "minzoom": 9,
        "filter": ["all",
          ["match", ["get", "bh"], ["无"], false,true ],
          ["match", ["get", "lx"],   ["省道"], true,false ]
        ],
        "layout": {
          "symbol-placement": "line",
          "text-font": ["ArialBold"],
          "text-size": ["interpolate",["linear"],["zoom"],8,9, 13,10],
          "text-field": ["to-string", ["get", "bh"]],
          "text-offset": [0, 0.3],
          "icon-image":[
            "step",
            ["zoom"],
            "",
            9,
            ["match",["get", "bh"],["S9","S5"],"GSGL_S/省道/2","GSGL_S/省道/3"],
            13,
            ["match",["get", "bh"],["S9","S5"],"GSGL_L/省道/3","GSGL_L/省道/4"]
          ],
          "icon-rotation-alignment": "viewport",
          "text-rotation-alignment": "viewport",
          "symbol-spacing": ["interpolate",["linear"],["zoom"],9,300,  10,300, 11,300 ,12,700]
        },
        "paint": {
          "text-color": "#FFFFFF"
        }
      },
      {
        "id": "dlzxx_gs_l_gg",
        "type": "symbol",
        "source": "CSJYTH_Road",
        "source-layer": "dlzxx_gs_l",
        "minzoom": 9,
        "filter": ["all",
          ["match", ["get", "bh"], ["无"], false,true ],
          ["match", ["get", "lx"],   ["国道"], true,false ]
        ],
        "layout": {
          "symbol-placement": "line",
          "text-font": ["ArialBold"],
          "text-size": ["interpolate",["linear"],["zoom"],8,9, 13,10],
          "text-field": ["to-string", ["get", "bh"]],
          "text-offset": [0, 0.3],
          "icon-image":[
            "step",
            ["zoom"],
            "",
            9,
            ["match",["get", "bh"],["G2"],"GSGL_S/国道/2",["G50","G15","G60"],"GSGL_S/国道/3",["G15W"],"GSGL_S/国道/5","GSGL_S/国道/6"],
            13,
            ["match",["get", "bh"],["G2"],"GSGL_L/国道/3",["G50","G15","G60"],"GSGL_L/国道/4",["G15W"],"GSGL_L/国道/6","GSGL_L/国道/7"]
          ],
          "icon-rotation-alignment": "viewport",
          "text-rotation-alignment": "viewport",
          "symbol-spacing": ["interpolate",["linear"],["zoom"],9,300, 10,300, 11,300, 12,700]
        },
        "paint": {
          "text-color": "#FFFFFF"
        }
      },
      {
        "id": "xzqh_jwh_pt",
        "type": "symbol",
        "source": "CSJYTH_BaseMap",
        "source-layer": "xzqh_jwh_pt",
        "minzoom": 12,
        "layout": {
            "text-line-height": 1.1,
            "text-size": ["interpolate",["linear"],["zoom"],12,9, 20,12],
            "text-max-angle": 38,
            "text-font": ["step",["zoom"],["literal",["MicrosoftYaHeiRegular"]],16,["literal",["MicrosoftYaHeiBold"]]],
            "text-padding": 2,
            "text-anchor": "center",
            "text-field": ["to-string", ["get", "bzmc"]],
            "text-max-width": 8
        },
        "paint": {
            "text-color":  ["interpolate",["linear"],["zoom"],12,"#686868",16,"#4E4E4E"],
            "text-halo-color": "#FFFFFF",
            "text-halo-width": 1.2
        }
      },
      {
        "id": "xqd_jzxq_pt",
        "type": "symbol",
        "source": "CSJYTH_BaseMap",
        "source-layer": "xqd_jzxq_pt",
       "minzoom": 12,
        "layout": {
            "text-line-height": 1.1,
            "text-size": ["interpolate",["linear"],["zoom"],13,11,16,12],
            "icon-image": "ZZ",
            "text-max-angle": 38,
            "text-font": ["MicrosoftYaHeiRegular"],
            "text-padding": ["interpolate",["linear"],["zoom"],12,10,14,2],
            "text-offset": [0, 0.5],
            "text-anchor": "top",
            "text-field": ["to-string", ["get", "xqmc"]],
            "text-max-width": 8
        },
        "paint": {
            "text-color": "#675844",
            "text-halo-color": "#FFFFFF",
            "text-halo-width": 1.2
        }
      },
      {
        "id": "xqd_qcz_pt",
        "type": "symbol",
        "source": "CSJYTH_BaseMap",
        "source-layer": "xqd_qcz_pt",
        "minzoom": 11,
        "layout": {
            "text-line-height": 1.1,
            "text-size": ["interpolate",["linear"],["zoom"],13,11,16,12],
            "icon-image": "QCZ",
            "text-max-angle": 38,
            "text-font": ["MicrosoftYaHeiRegular"],
            "text-padding": 2,
            "text-offset": [0, 0.6],
            "text-anchor": "top",
            "text-field": ["to-string", ["get", "name"]],
            "text-max-width": 8
        },
        "paint": {
            "text-color": "#4B6C8D",
            "text-halo-color": "#FFFFFF",
            "text-halo-width": 1.2
        }
      },
      {
        "id": "xqd_hcz_pt",
        "type": "symbol",
        "source": "CSJYTH_BaseMap",
        "source-layer": "xqd_hcz_pt",
        "minzoom": 11,
        "layout": {
            "text-line-height": 1.1,
            "text-size": ["interpolate",["linear"],["zoom"],13,11,16,12],
            "icon-image": "HCZ",
            "text-max-angle": 38,
            "text-font": ["MicrosoftYaHeiRegular"],
            "text-padding": 2,
            "text-offset": [0, 0.6],
            "text-anchor": "top",
            "text-field": ["to-string", ["get", "name"]],
            "text-max-width": 8
        },
        "paint": {
            "text-color": "#4B6C8D",
            "text-halo-color": "#FFFFFF",
            "text-halo-width": 1.2
        }
      },
      
      {
        "id": "xzqh_xz_pt",
        "type": "symbol",
        "source": "CSJYTH_BaseMap",
        "source-layer": "xzqh_xz_pt",
        "minzoom": 10,
        "layout": {
            "text-line-height": 1.1,
            "text-size": ["interpolate",["linear"],["zoom"],10,10, 12,12, 20,14],
            "text-max-angle": 38,
            "icon-image": [ "step",["zoom"],"",10,"XZQH_XZ_PT_S",16,"XZQH_XZ_PT_L"],
            "text-font": ["step",["zoom"],["literal",["MicrosoftYaHeiRegular"]],16,["literal",["MicrosoftYaHeiBold"]]],
            "text-padding": 2,
            "text-offset": [0, 0.5],
            "text-anchor": "top",
            "text-field": ["to-string", ["get", "mc"]],
            "text-max-width": 8
        },
        "paint": {
            "text-color": ["interpolate",["linear"],["zoom"],12,"#686868",14,"#4E4E4E"],
            "text-halo-color": "#FFFFFF",
            "text-halo-width": 1.2
        }
      },
     
      {
        "id": "xzqh_qx_pt",
        "type": "symbol",
        "source": "CSJYTH_BaseMap",
        "source-layer": "xzqh_qx_pt",
        "minzoom": 8,
        "layout": {
            "text-line-height": 1.1,
            "text-size": ["interpolate",["linear"],["zoom"],8,10, 10,12, 14,14, 20,16],
            "icon-image": [ "step",["zoom"],"",9,"XZQH_QX_PT_M",11,"XZQH_QX_PT_L"],
            "text-max-angle": 38,
            "text-font": ["step",["zoom"],["literal",["MicrosoftYaHeiRegular"]],12,["literal",["MicrosoftYaHeiBold"]]],
            "text-padding": 2,
            "text-offset": [0, 0.5],
            "text-anchor": "top",
            "text-field": ["to-string", ["get", "mc"]],
            "text-max-width": 8
        },
        "paint": {
            "text-color": ["interpolate",["linear"],["zoom"],10,"#686868",12,"#4E4E4E"],
            "text-halo-color": "#FFFFFF",
            "text-halo-width": 1.2
        }
      }
     
  ]
  
}