{
  "version": 8,
  "name": "SZ_BaseMap",
  "sources": {
    "SZ_BaseMap_8": {
      "tiles": [
        "http://map2.cityfun.com.cn/geoserver/gwc/service/tms/1.0.0/SZ_BaseMap%3ASZ_BaseMap_8@EPSG%3A4326@pbf/{z}/{x}/{y}.pbf"

      ],
      "zoomOffset": -1,
      "type": "vector",
      "scheme":"tms"
    },
    "SZ_BaseMap_9": {
      "tiles": [
        "http://map2.cityfun.com.cn/geoserver/gwc/service/tms/1.0.0/SZ_BaseMap%3ASZ_BaseMap_9@EPSG%3A4326@pbf/{z}/{x}/{y}.pbf"

      ],
      "zoomOffset": -1,
      "type": "vector",
      "scheme":"tms"
    },
    "SZ_BaseMap_10": {
      "tiles": [
        "http://map2.cityfun.com.cn/geoserver/gwc/service/tms/1.0.0/SZ_BaseMap%3ASZ_BaseMap_10@EPSG%3A4326@pbf/{z}/{x}/{y}.pbf"

      ],
      "zoomOffset": -1,

      "type": "vector",
      "scheme":"tms"
    },
    "SZ_BaseMap_11": {
      "tiles": [
        "http://map2.cityfun.com.cn/geoserver/gwc/service/tms/1.0.0/SZ_BaseMap%3ASZ_BaseMap_11@EPSG%3A4326@pbf/{z}/{x}/{y}.pbf"

      ],
      "zoomOffset": -1,
      "type": "vector",
      "scheme":"tms"
    },
    "SZ_BaseMap_12": {
      "tiles": [
        "http://map2.cityfun.com.cn/geoserver/gwc/service/tms/1.0.0/SZ_BaseMap%3ASZ_BaseMap_12@EPSG%3A4326@pbf/{z}/{x}/{y}.pbf"

      ],
      "zoomOffset": -1,
      "type": "vector",
      "scheme":"tms"
    },
    "SZ_BaseMap_13": {
      "tiles": [
        "http://map2.cityfun.com.cn/geoserver/gwc/service/tms/1.0.0/SZ_BaseMap%3ASZ_BaseMap_13@EPSG%3A4326@pbf/{z}/{x}/{y}.pbf"

      ],
      "zoomOffset": -1,
      "type": "vector",
      "scheme":"tms"
    },
    "SZ_BaseMap_15": {
      "tiles": [
        "http://map2.cityfun.com.cn/geoserver/gwc/service/tms/1.0.0/SZ_BaseMap%3ASZ_BaseMap_15@EPSG%3A4326@pbf/{z}/{x}/{y}.pbf"

      ],
      "zoomOffset": -1,
      "type": "vector",
      "scheme":"tms"
    },
    "SZ_BaseMap_POI": {
      "tiles": [
        "http://map2.cityfun.com.cn/geoserver/gwc/service/tms/1.0.0/SZ_BaseMap%3ASZ_BaseMap_POI@EPSG%3A4326@pbf/{z}/{x}/{y}.pbf"

      ],
      "zoomOffset": -1,
      "type": "vector",
      "scheme":"tms"
    }
  },
  "glyphs": "http://webres.cityfun.com.cn/szmap/szmap/fonts/{fontstack}/{range}.pbf",
  "sprite": "http://webres.cityfun.com.cn/szmap/szmap/sprites/sprite",
  "zoom": 18,
  "center": [120.72601, 31.39618],
  "layers": [
      {
        "id": "background",
        "type": "background",
        "paint": {
          "background-color": "#FAFAFA"
        }
      },
      {
        "id": "XZQH_DS_P",
        "type": "fill",
        "source": "SZ_BaseMap_8",
        "source-layer": "XZQH_DS_P",
        "minzoom":8,
        "layout": {
        },
        "paint": {
          "fill-color": ["interpolate",["linear"],["zoom"],8,"#FAF8F0",22,"#F2F0E9"]
        }
      },
      {
        "id": "QYDY_DK_P",
        "type": "fill",
        "source": "SZ_BaseMap_POI",
        "source-layer": "QYDY_DK_P",
        "minzoom":14,
        "layout": {
        },
        "paint": {
          "fill-color":  ["match",["get", "YTMC"],["城镇住宅用地"],"#E3E1D8",["科研用地","教育用地"],"#D4DCE5",["医疗卫生用地"],"#EBD8D8",
            ["体育用地","文化设施用地"],"#D9DFD0",["商务金融用地","零售商业用地","其他商服用地"],"#F2ECDE",
            ["风景名胜设施用地","公园与绿地","果园"],"#A0D097","#DBDBDB"],
            "fill-opacity": [
              "case",
              ["match", ["get", "YTMC"],["风景名胜设施用地","公园与绿地","果园","其他园地"], true, false],
              1,
              ["match", ["get", "YTMC"],["商务金融用地","零售商业用地","其他商服用地"], true, false],
              0.7,
              ["match", ["get", "YTMC"],["工业用地"], true, false],
              0.3,
              0.7
          ],
          "fill-outline-color": "hsla(0, 0%, 0%, 0)"
        }
      },
      {
        "id": "LD_GY_P_10",
        "type": "fill",
        "source": "SZ_BaseMap_10",
        "source-layer": "LD_GY_P_10",
        "minzoom":10,
        "maxzoom":13,
        "layout": {
        },
        "paint": {
          "fill-color": "#A0D097"
        }
      },

      {
        "id": "LD_LD_P_10",
        "type": "fill",
        "source": "SZ_BaseMap_10",
        "source-layer": "LD_LD_P_10",
        "minzoom":10,
        "maxzoom":13,
        "layout": {
        },
        "paint": {
          "fill-color": "#A0D097"
        }
      },

      {
        "id": "LD_GY_P_9",
        "type": "fill",
        "source": "SZ_BaseMap_9",
        "source-layer": "LD_GY_P_9",
        "minzoom":9,
        "maxzoom":10,
        "layout": {
        },
        "paint": {
          "fill-color": "#A0D097"
        }
      },

      {
        "id": "LD_LD_P_9",
        "type": "fill",
        "source": "SZ_BaseMap_9",
        "source-layer": "LD_LD_P_9",
        "minzoom":9,
        "maxzoom":10,
        "layout": {
        },
        "paint": {
          "fill-color": "#A0D097"
        }
      },


	  {
        "id": "LD_GY_P",
        "type": "fill",
        "source": "SZ_BaseMap_13",
        "source-layer": "LD_GY_P",
        "minzoom":13,
        "layout": {
        },
        "paint": {
          "fill-color": [
            "step",["zoom"],[ "case", [">=", ["to-number", ["get", "MJ"]], 5000000],"#A0D097","hsla(0, 72%, 53%, 0)"],
            10,
            ["case",[">=", ["to-number", ["get", "MJ"]], 300000],"#A0D097","hsla(0, 72%, 53%, 0)"],
            12,
            [ "case",[">=", ["to-number", ["get", "MJ"]], 10000],"#A0D097","hsla(0, 72%, 53%, 0)"],
            14,"#A0D097"]
        }
      },
      {
        "id": "LD_LD_P",
        "type": "fill",
        "source": "SZ_BaseMap_13",
        "source-layer": "LD_LD_P",
        "minzoom":13,
        "layout": {
        },
        "paint": {
          "fill-color": [
            "step",["zoom"],[ "case", [">=", ["to-number", ["get", "MJ"]], 5000000],"#A0D097","hsla(0, 72%, 53%, 0)"],
            10,
            ["case",[">=", ["to-number", ["get", "MJ"]], 300000],"#A0D097","hsla(0, 72%, 53%, 0)"],
            12,
            [ "case",[">=", ["to-number", ["get", "MJ"]], 10000],"#A0D097","hsla(0, 72%, 53%, 0)"],
            14,"#A0D097"]
        }
      },
      {
        "id": "SX_SX_P",
        "type": "fill",
        "source": "SZ_BaseMap_13",
        "source-layer": "SX_SX_P",
        "minzoom":13,
        "layout": {
        },
        "paint": {
          "fill-color": "#9DBAD1",
          "fill-outline-color": "hsla(0, 0%, 0%, 0)"
        }
      },
      {
        "id": "SX_SX_P_12",
        "type": "fill",
        "source": "SZ_BaseMap_12",
        "source-layer": "SX_SX_P_12",
        "minzoom":12,
        "maxzoom":13,
        "layout": {
        },
        "paint": {
        "fill-color": "#9DBAD1",
        "fill-outline-color": "hsla(0, 0%, 0%, 0)"
        }
      },
      {
        "id": "SX_SX_P_JH",
        "type": "fill",
        "source": "SZ_BaseMap_8",
        "source-layer": "SX_SX_P_300000_B001",
        "minzoom":11,
        "maxzoom":12,
        "layout": {
        },
        "paint": {
          "fill-color": "#9DBAD1"
        }
      },
      {
        "id": "SX_SX_P_1000000",
        "type": "fill",
        "source": "SZ_BaseMap_8",
        "source-layer": "SX_SX_P_300000_B001",
        "filter":[">=", ["to-number", ["get", "MJ"]], 1000000],
        "minzoom":10,
        "maxzoom":11,
        "layout": {
        },
        "paint": {
          "fill-color": "#9DBAD1"
        }
      },
      {
        "id": "SX_SX_P_6000000",
        "type": "fill",
        "source": "SZ_BaseMap_8",
        "source-layer": "SX_SX_P_300000_B001",
        "minzoom":8,
        "maxzoom":10,
        "filter":[">=", ["to-number", ["get", "MJ"]], 6000000],
        "layout": {
        },
        "paint": {
          "fill-color": "#9DBAD1"
        }
      },
      {
        "id": "XZQH_DS_B",
        "type": "fill",
        "source": "SZ_BaseMap_8",
        "source-layer": "XZQH_DS_B",
        "layout": {
        },
        "paint": {
          "fill-color": ["match",["to-number", ["get", "distance"]],[800],"#CCC8C2",[1600],"#E6E1DA","#000000"],
        "fill-opacity": ["interpolate",["linear"],["zoom"],8,1, 9,0.7, 10,0.4, 16,0.2]
        }
      },
      {
        "id": "XZQH_XZJXZJX_L_XZ",
        "type": "line",
        "source": "SZ_BaseMap_10",
        "source-layer": "XZQH_XZJXZJX_L_XZ",
        "filter":["match", ["get", "JXLX"], ["乡镇界"], true,false ],
        "minzoom": 10,
        "layout": {},
        "paint": {
            "line-color": ["interpolate",["linear"],["zoom"],10,"#B2B2B2",16,"#808080",22,"#4E4E4E"],
            "line-width": ["interpolate",["linear"],["zoom"],10,0.8, 12,1, 22,1.5],
            "line-dasharray": [
              "step",
              ["zoom"],
              ["literal", [2, 2]],
              10,
              ["literal", [4, 4]],
              12,
              ["literal", [6, 6]]
            ]
        }
      },
      {
        "id": "XZQH_XZJXZJX_L_QX",
        "type": "line",
        "source": "SZ_BaseMap_11",
        "source-layer": "XZQH_XZJXZJX_L",
        "filter":["match", ["get", "JXLX"], ["区县界"], true,false ],
        "minzoom": 11,
        "layout": {},
        "paint": {
            "line-color": ["interpolate",["linear"],["zoom"],8,"#B2B2B2",16,"#808080",22,"#4E4E4E"],
            "line-width": ["interpolate",["linear"],["zoom"],8,0.8, 10,1, 12,1.5, 22,2],
            "line-dasharray": [
              "step",
              ["zoom"],
              ["literal", [2, 2]],
              8,
              ["literal", [4, 4]],
              10,
              ["literal", [6, 6]],
              12,
              ["literal", [8, 8]]
            ]
        }
      },

      {
        "id": "XZQH_XZJXZJX_L_DS",
        "type": "line",
        "source": "SZ_BaseMap_11",
        "source-layer": "XZQH_XZJXZJX_L",
        "filter":["match", ["get", "JXLX"], ["地市界"], true,false],
        "minzoom": 11,
        "layout": {},
        "paint": {
          "line-color": ["interpolate",["linear"],["zoom"],8,"#828282",22,"#4E4E4E"],
            "line-width": ["interpolate",["linear"],["zoom"],8,1.2, 10,1.5, 12,2],
            "line-dasharray": [
                "step",
                ["zoom"],
                ["literal", [3.5, 1, 0.5, 1, 0.5]],
                8,
                ["literal", [7, 2, 1, 2, 1]],
                16,
                ["literal", [10.5, 3, 1.5, 3, 1.5]]
            ]
        }
      },

      {
        "id": "XZQH_XZJXZJX_L_QXJH",
        "type": "line",
        "source": "SZ_BaseMap_8",
        "source-layer": "XZQH_XZJXZJX_L_QXJH",
        "minzoom": 8,
        "maxzoom":11,
        "layout": {},
        "paint": {
            "line-color": ["interpolate",["linear"],["zoom"],8,"#B2B2B2",10,"#808080",16,"#4E4E4E"],
            "line-width": ["interpolate",["linear"],["zoom"],8,0.8, 10,1],
            "line-dasharray": [
              "step",
              ["zoom"],
              ["literal", [2, 2]],
              8,
              ["literal", [4, 4]],
              10,
              ["literal", [6, 6]],
              12,
              ["literal", [8, 8]]
            ]
        }
      },

      {
        "id": "XZQH_XZJXZJX_L_DSJH",
        "type": "line",
        "source": "SZ_BaseMap_8",
        "source-layer": "XZQH_XZJXZJX_L_DSJH",
        "minzoom": 8,
        "maxzoom":11,
        "layout": {},
        "paint": {
            "line-color": ["interpolate",["linear"],["zoom"],8,"#828282",22,"#4E4E4E"],
            "line-width": ["interpolate",["linear"],["zoom"],8,1.2, 10,1.5],
            "line-dasharray": [
                "step",
                ["zoom"],
                ["literal", [3.5, 1, 0.5, 1, 0.5]],
                8,
                ["literal", [7, 2, 1, 2, 1]],
                16,
                ["literal", [10.5, 3, 1.5, 3, 1.5]]
            ]
        }
      },
      {
        "id": "DLJT_GL_L_ZYGL_Case_S",
        "type": "line",
        "source": "SZ_BaseMap_11",
        "source-layer": "DLJT_GL_L_11",
        "filter": ["match", ["get", "LX"],   ["'专用公路"], true,false ],
        "minzoom": 11,
        "maxzoom": 12,
        "layout": {
          "line-cap": "round",
          "line-join": "round"
        },
        "paint": {
          "line-color": "#d9d9d9",
          "line-width": 0.5
        }
      },
      {
        "id": "DLJT_GL_L_XID_Case_S",
        "type": "line",
        "source": "SZ_BaseMap_11",
        "source-layer": "DLJT_GL_L_11",
        "filter": ["match", ["get", "LX"],   ["'乡道"], true,false ],
        "minzoom": 11,
        "maxzoom": 12,
        "layout": {
          "line-cap": "round",
          "line-join": "round"
        },
        "paint": {
          "line-color": "#d9d9d9",
          "line-width": 0.5
        }
      },
      {
        "id": "DLJT_CSDL_L_ZL_Case_S",
        "type": "line",
        "source": "SZ_BaseMap_11",
        "source-layer": "DLJT_CSDL_L_11",
        "filter": ["match", ["get", "LX"],   ["支路"], true,false ],
        "minzoom": 11,
        "maxzoom": 12,
        "layout": {
          "line-cap": "round",
          "line-join": "round"
        },
        "paint": {
          "line-color": "#d9d9d9",
          "line-width": 0.5
        }
      },
      {
        "id": "DLJT_CSDL_L_ZGD_Case_S",
        "type": "line",
        "source": "SZ_BaseMap_10",
        "source-layer": "DLJT_CSDL_L_10",
        "filter": ["match", ["get", "LX"],   ["主干道"], true,false ],
        "minzoom": 10,
        "maxzoom": 11,
        "layout": {
          "line-cap": "round",
          "line-join": "round"
        },
        "paint": {
          "line-color": "#d9d9d9",
          "line-width": 0.5
        }
      },
      {
        "id": "DLJT_GL_L_GSD_S",
        "type": "line",
        "source": "SZ_BaseMap_8",
        "source-layer": "DLJT_GL_L_8",
        "filter": ["all",
          ["match", ["get", "JSDJ"], ["高速公路"], false,true ],
          ["match", ["get", "LX"],   ["国道","省道"], true,false ]
        ],
        "minzoom": 8,
        "maxzoom": 9,
        "layout": {
          "line-cap": "round",
          "line-join": "round"
        },
        "paint": {
          "line-color": "#d9d9d9",
          "line-width": 0.5
        }
      },
      {
        "id": "DLJT_YL_L_Case",
        "type": "line",
        "source": "SZ_BaseMap_13",
        "source-layer": "DLJT_YL_L",
        "minzoom": 13,
        "layout": {
          "line-cap": "round",
          "line-join": "round"
        },
        "paint": {
          "line-color": ["match",["get", "LX"],["快速路"],"#d9c37c",["主干道"],"#D9D7B8",["国道"],"#d3ae47",["省道"],"#d9c37c",["次干道"],"#D9D9D9",["县道"],"#D9D9D9","#D9D9D9"],
          "line-width": [
            "interpolate",
            ["linear"],
            ["zoom"],
            12,
            ["match",["get", "LX"],["快速路"],4,["主干道"],4,["国道"],4,["省道"],4,["次干道"],2,["县道"],2,["支路"],0,1],
            14,
            ["match",["get", "LX"],["快速路"],6,["主干道"],6,["国道"],6,["省道"],6,["次干道"],4,["县道"],4,["支路"],2,1],
            18,
            ["match",["get", "LX"],["快速路"],10,["主干道"],10,["国道"],10,["省道"],10,["次干道"],8,["县道"],8,["支路"],6,1]

        ]

        }
      },
      {
        "id": "DLJT_XCDL_L_Case",
        "type": "line",
        "source": "SZ_BaseMap_12",
        "source-layer": "DLJT_XCDL_L",
        "minzoom": 12,
        "layout": {
          "line-cap": "round",
          "line-join": "round"
        },
        "paint": {
          "line-color": "#D9D9D9",
          "line-width": ["interpolate",["linear"],["zoom"],0,0, 12,3, 14,6, 18,8]

        }
      },
      {
        "id": "DLJT_GL_L_ZYGL_Case",
        "type": "line",
        "source": "SZ_BaseMap_11",
        "source-layer": "DLJT_GL_L_11",
        "filter": ["match", ["get", "LX"],   ["专用公路"], true,false ],
        "minzoom": 12,
        "layout": {
          "line-cap": "round",
          "line-join": "round"
        },
        "paint": {
          "line-color": "#D9D9D9",
          "line-width": ["interpolate",["linear"],["zoom"],0,0, 12,3, 14,6, 18,8]

        }
      },
      {
        "id": "DLJT_GL_L_XID_Case",
        "type": "line",
        "source": "SZ_BaseMap_11",
        "source-layer": "DLJT_GL_L_11",
        "filter": ["match", ["get", "LX"],   ["乡道"], true,false ],
        "minzoom": 12,
        "layout": {
          "line-cap": "round",
          "line-join": "round"
        },
        "paint": {
          "line-color": "#D9D9D9",
          "line-width": ["interpolate",["linear"],["zoom"],0,0, 12,3, 14,6, 18,8]

        }
      },
      {
        "id": "DLJT_GL_L_XD_Case",
        "type": "line",
        "source": "SZ_BaseMap_11",
        "source-layer": "DLJT_GL_L_11",
        "filter": ["match", ["get", "LX"],   ["县道"], true,false ],
        "minzoom": 11,
        "layout": {
          "line-cap": "round",
          "line-join": "round"
        },
        "paint": {
          "line-color": "#D9D9D9",
          "line-width": ["interpolate",["linear"],["zoom"],0,0, 11,3, 12,5, 14,8, 18,10]

        }
      },
      {
        "id": "DLJT_CSDL_L_ZL_Case",
        "type": "line",
        "source": "SZ_BaseMap_11",
        "source-layer": "DLJT_CSDL_L_11",
        "filter": ["match", ["get", "LX"],   ["支路"], true,false ],
        "minzoom": 12,
        "layout": {
          "line-cap": "round",
          "line-join": "round"
        },
        "paint": {
          "line-color": "#D9D9D9",
          "line-width": ["interpolate",["linear"],["zoom"],0,0, 12,3, 14,6, 18,8]

        }
      },
      {
        "id": "DLJT_CSDL_L_CGD_Case",
        "type": "line",
        "source": "SZ_BaseMap_11",
        "source-layer": "DLJT_CSDL_L_11",
        "filter": ["match", ["get", "LX"],   ["次干道"], true,false ],
        "minzoom": 11,
        "layout": {
          "line-cap": "round",
          "line-join": "round"
        },
        "paint": {
          "line-color": "#D9D9D9",
          "line-width": ["interpolate",["linear"],["zoom"],0,0, 11,3, 12,5, 14,8, 18,10]

        }
      },
      {
        "id": "DLJT_CSDL_L_ZGD_Case",
        "type": "line",
        "source": "SZ_BaseMap_10",
        "source-layer": "DLJT_CSDL_L_10",
        "filter": ["match", ["get", "LX"],   ["主干道"], true,false ],
        "minzoom": 11,
        "layout": {
          "line-cap": "round",
          "line-join": "round"
        },
        "paint": {
          "line-color": ["interpolate",["linear"],["zoom"], 11,"#CCCAAD",12,"#D9D7B8"],
          "line-width": ["interpolate",["linear"],["zoom"],0,0,11,5, 12,7, 14,10, 18,12]

        }
      },
      {
        "id": "DLJT_CSDL_L_KSL_Case",
        "type": "line",
        "source": "SZ_BaseMap_10",
        "source-layer": "DLJT_CSDL_L_10",
        "filter": ["match", ["get", "LX"],   ["快速路"], true,false ],
        "minzoom": 10,
        "layout": {
          "line-cap": "round",
          "line-join": "round"
        },
        "paint": {
          "line-color": ["interpolate",["linear"],["zoom"],9,"#c4a54c",11,"#d3ae47"],
          "line-width": ["interpolate",["linear"],["zoom"],0,0, 8,1.5, 9,3, 10,5, 12,7, 14,10, 18,12]
        }
      },
      {
        "id": "DLJT_GL_L_SD_Case",
        "type": "line",
        "source": "SZ_BaseMap_8",
        "source-layer": "DLJT_GL_L_8",
        "filter": ["all",
          ["match", ["get", "JSDJ"], ["高速公路"], false,true ],
          ["match", ["get", "LX"],   ["省道"], true,false ]
        ],
        "minzoom": 9,
        "layout": {
          "line-cap": "round",
          "line-join": "round"
        },
        "paint": {
          "line-color": ["interpolate",["linear"],["zoom"],9,"#cdb673", 11,"#d9c37c"],
          "line-width": ["interpolate",["linear"],["zoom"],0,0, 8,1.5, 9,3, 10,5, 12,7, 14,10, 18,12]
        }
      },
      {
        "id": "DLJT_GL_L_GD_Case",
        "type": "line",
        "source": "SZ_BaseMap_8",
        "source-layer": "DLJT_GL_L_8",
        "filter": ["all",
          ["match", ["get", "JSDJ"], ["高速公路"], false,true ],
          ["match", ["get", "LX"],   ["国道"], true,false ]
        ],
        "minzoom": 9,
        "layout": {
          "line-cap": "round",
          "line-join": "round"
        },
        "paint": {
          "line-color": ["interpolate",["linear"],["zoom"],9,"#cdb673", 11,"#d9c37c"],
          "line-width": ["interpolate",["linear"],["zoom"],0,0, 8,1.5, 9,3, 10,5, 12,7, 14,10, 18,12]
        }
      },
      {
        "id": "DLJT_ZD_Case",
        "type": "line",
        "source": "SZ_BaseMap_13",
        "source-layer": "DLJT_ZD_L",
        "minzoom": 13,
        "layout": {
          "line-cap": "round",
          "line-join": "round"
        },
        "paint": {
          "line-color": ["interpolate",["linear"],["zoom"],8,"#CC8F62", 11,"#D98D41"],
          "line-width": ["interpolate",["linear"],["zoom"],0,0, 8,3, 9,5, 10,7, 12,3, 14,7, 18,10]
        }
      },
      {
        "id": "DLJT_GL_L_GSGL_Case",
        "type": "line",
        "source": "SZ_BaseMap_8",
        "source-layer": "DLJT_GL_L_8",
        "filter":["match", ["get", "JSDJ"], ["高速公路"], true,false ],
        "minzoom": 8,
        "layout": {
          "line-cap": "round",
          "line-join": "round"
        },
        "paint": {
          "line-color": ["interpolate",["linear"],["zoom"],8,"#CC8F62", 11,"#D98D41"],
          "line-width": ["interpolate",["linear"],["zoom"],0,0, 8,3, 9,5, 10,7, 12,9, 14,12, 16,14]
        }
      },
      {
        "id": "DLJT_YL_L",
        "type": "line",
        "source": "SZ_BaseMap_13",
        "source-layer": "DLJT_YL_L",
        "minzoom": 13,
        "layout": {
          "line-cap": "round",
          "line-join": "round"
        },
        "paint": {
          "line-color": ["match",["get", "LX"],["快速路"],"#ffeb93",["主干道"],"#FFFCCB",["国道"],"#ffd050",["省道"],"#ffeb93",["次干道"],"#FFFFFF",["县道"],"#FFFFFF","#FFFFFF"],
          "line-width": [
            "interpolate",
            ["linear"],
            ["zoom"],
            12,
            ["match",["get", "LX"],["快速路"],2,["主干道"],2,["国道"],2,["省道"],2,["次干道"],1,["县道"],1,["支路"],0,1],
            14,
            ["match",["get", "LX"],["快速路"],4,["主干道"],4,["国道"],4,["省道"],4,["次干道"],2,["县道"],2,["支路"],1,1],
            18,
            ["match",["get", "LX"],["快速路"],8,["主干道"],8,["国道"],8,["省道"],8,["次干道"],6,["县道"],6,["支路"],4,1]

        ]

        }
      },
      {
        "id": "DLJT_XCDL_L",
        "type": "line",
        "source": "SZ_BaseMap_12",
        "source-layer": "DLJT_XCDL_L",
        "minzoom": 12,
        "layout": {"line-cap": "round","line-join": "round"},
        "paint": {
          "line-color":"#FFFFFF",
          "line-width": ["interpolate",["linear"],["zoom"],0,0, 12,1.5, 14,4, 18,6]
        }
      },
      {
        "id": "DLJT_GL_L_ZYGL",
        "type": "line",
        "source": "SZ_BaseMap_11",
        "source-layer": "DLJT_GL_L_11",
        "minzoom": 12,
        "filter": ["match", ["get", "LX"],   ["专用公路"], true,false ],
        "layout": {"line-cap": "round","line-join": "round"},
        "paint": {
          "line-color":"#FFFFFF",
          "line-width": ["interpolate",["linear"],["zoom"],0,0, 12,1.5, 14,4, 18,6]
        }
      },
      {
        "id": "DLJT_GL_L_XID",
        "type": "line",
        "source": "SZ_BaseMap_11",
        "source-layer": "DLJT_GL_L_11",
        "minzoom": 12,
        "filter": ["match", ["get", "LX"],   ["乡道"], true,false ],
        "layout": {"line-cap": "round","line-join": "round"},
        "paint": {
          "line-color":"#FFFFFF",
          "line-width": ["interpolate",["linear"],["zoom"],0,0, 12,1.5 ,14,4, 18,6]
        }
      },
      {
        "id": "DLJT_GL_L_XD_L",
        "type": "line",
        "source": "SZ_BaseMap_11",
        "source-layer": "DLJT_GL_L_11",
        "minzoom": 11,
        "filter": ["match", ["get", "LX"],   ["县道"], true,false ],
        "layout": {"line-cap": "round","line-join": "round"},
        "paint": {
          "line-color":"#FFFFFF",
          "line-width": ["interpolate",["linear"],["zoom"],0,0, 11,1.5, 12,3, 14,6, 18,8]
        }
      },
      {
        "id": "DLJT_CSDL_L_ZL_L",
        "type": "line",
        "source": "SZ_BaseMap_11",
        "source-layer": "DLJT_CSDL_L_11",
        "minzoom": 12,
        "filter": ["match", ["get", "LX"],   ["支路"], true,false ],
        "layout": {"line-cap": "round","line-join": "round"},
        "paint": {
          "line-color":"#FFFFFF",
          "line-width": ["interpolate",["linear"],["zoom"],0,0, 12,1.5, 14,4, 18,6]
        }
      },
      {
        "id": "DLJT_CSDL_L_CGD_L",
        "type": "line",
        "source": "SZ_BaseMap_11",
        "source-layer": "DLJT_CSDL_L_11",
        "minzoom": 11,
        "filter": ["match", ["get", "LX"],   ["次干道"], true,false ],
        "layout": {"line-cap": "round","line-join": "round"},
        "paint": {
          "line-color":"#FFFFFF",
          "line-width": ["interpolate",["linear"],["zoom"],0,0, 11,1.5 ,12,3, 14,6, 18,8]
        }
      },
      {
        "id": "DLJT_CSDL_L_ZGD_L",
        "type": "line",
        "source": "SZ_BaseMap_10",
        "source-layer": "DLJT_CSDL_L_10",
        "minzoom": 11,
        "filter": ["match", ["get", "LX"],   ["主干道"], true,false ],
        "layout": {"line-cap": "round","line-join": "round"},
        "paint": {
          "line-color":["interpolate",["linear"],["zoom"],10,"#FEFBCB",12,"#FFFCCB"],
          "line-width": ["interpolate",["linear"],["zoom"],0,0, 11,3.5, 12,5, 14,8, 18,10]
        }
      },
      {
        "id": "DLJT_CSDL_L_KSL_L",
        "type": "line",
        "source": "SZ_BaseMap_10",
        "source-layer": "DLJT_CSDL_L_10",
        "minzoom": 10,
        "filter": ["match", ["get", "LX"],   ["快速路"], true,false ],
        "layout": {"line-cap": "round","line-join": "round"},
        "paint": {
          "line-color":["interpolate",["linear"],["zoom"],9,"#ffd973",11,"#ffd050"],
          "line-width": ["interpolate",["linear"],["zoom"],0,0, 10,3, 12,5, 14,8, 18,10]
        }
      },
      {
        "id": "DLJT_GL_L_SD_L",
        "type": "line",
        "source": "SZ_BaseMap_8",
        "source-layer": "DLJT_GL_L_8",
        "minzoom": 9,
        "filter": ["all",
          ["match", ["get", "JSDJ"], ["高速公路"], false,true ],
          ["match", ["get", "LX"],   ["省道"], true,false ]
        ],
        "layout": {"line-cap": "round","line-join": "round"},
        "paint": {
          "line-color":["interpolate",["linear"],["zoom"],9,"#ffe690",11,"#ffeb93"],
          "line-width": ["interpolate",["linear"],["zoom"],0,0, 9,2, 10,3, 12,5, 14,8, 18,10]
        }
      },
      {
        "id": "DLJT_GL_L_GD_L",
        "type": "line",
        "source": "SZ_BaseMap_8",
        "source-layer": "DLJT_GL_L_8",
        "filter": ["all",
          ["match", ["get", "JSDJ"], ["高速公路"], false,true ],
          ["match", ["get", "LX"],   ["国道"], true,false ]
        ],
        "minzoom": 9,
        "layout": {"line-cap": "round","line-join": "round"},
        "paint": {
          "line-color":["interpolate",["linear"],["zoom"],9,"#ffe690",11,"#ffeb93"],
          "line-width": ["interpolate",["linear"],["zoom"],0,0, 9,2, 10,3, 12,5, 14,8, 18,10]
        }
      },
      {
        "id": "DLJT_ZD_L",
        "type": "line",
        "source": "SZ_BaseMap_13",
        "source-layer": "DLJT_ZD_L",
        "minzoom": 13,
        "layout": {
          "line-cap": "round",
          "line-join": "round"
        },
        "paint": {
          "line-color":["interpolate",["linear"],["zoom"],8,"#F0AA65",11,"#FFA54E"],
          "line-width": ["interpolate",["linear"],["zoom"],0,0, 8,1.5, 9,3, 10,5, 12,1.5, 14,5, 18,8]
        }
      },
      {
        "id": "DLJT_GL_L_GSGL_L",
        "type": "line",
        "source": "SZ_BaseMap_8",
        "source-layer": "DLJT_GL_L_8",
        "filter":["match", ["get", "JSDJ"], ["高速公路"], true,false ],
        "minzoom": 8,
        "layout": {
          "line-cap": "round",
          "line-join": "round"
        },
        "paint": {
          "line-color":["interpolate",["linear"],["zoom"],8,"#F0AA65",11,"#FFA54E"],
          "line-width": ["interpolate",["linear"],["zoom"],0,0, 8,1.5, 9,3, 10,5, 12,7, 14,10, 18,12]
        }
      },
      {
        "id": "GDJT_TLX_L_Case",
        "type": "line",
        "source": "SZ_BaseMap_13",
        "source-layer": "GDJT_TLX_L",
        "minzoom": 14,
        "layout": {},
        "paint": {
          "line-width": ["interpolate",["linear"],["zoom"],0,0, 12,2.4, 14,3, 18,4],
            "line-color":"#7B86AD"
         }
       },
       {
        "id": "GDJT_TLX_L",
        "type": "line",
        "source": "SZ_BaseMap_13",
        "source-layer": "GDJT_TLX_L",
        "minzoom": 14,
        "layout": {},
        "paint": {
          "line-width": ["interpolate",["linear"],["zoom"],0,0, 12,2, 14,2.6, 18,3.6],
          "line-color":"#FFFFFF",
          "line-dasharray": [
            "step",
            ["zoom"],
            ["literal", [4, 4]],
            12,
            ["literal", [6, 6]],
            22,
            ["literal", [8, 8]]
          ]
         }
       },
      {
        "id": "GDJT_GDJTX_L",
        "type": "line",
        "source": "SZ_BaseMap_11",
        "source-layer": "GDJT_GDJTX_L",
        "filter": ["match", ["get", "BZMC"], ["1号线","2号线","3号线","4号线","4号线支线"], true,false ],
        "minzoom": 11,
        "layout": {},
        "paint": {
          "line-width": ["interpolate",["linear"],["zoom"],0,0, 11,1.2, 12,1.5, 14,2.5, 18,4],
            "line-color":["match",["get", "BZMC"],["1号线"],"#78BE20",["2号线"],"#EF3340",["3号线"],"#FF8200",["4号线"],"#0072CE",["4号线支线"],"#0072CE","#000000"]
         }
       },
       {
        "id": "SX_SX_PT",
        "type": "symbol",
        "source": "SZ_BaseMap_13",
        "source-layer": "SX_SX_PT",
        "minzoom":13,
        "layout": {
            "text-line-height": 1.1,
            "text-size": ["interpolate",["linear"],["zoom"], 10,10, 14,12,  22,14],
            "text-max-angle": 38,
            "text-font": ["MicrosoftYaHeiRegular"],
            "text-padding": 2,
            "text-anchor": "center",
            "text-field": ["to-string", ["get", "BZMC"]],
            "text-max-width": 8
        },
        "paint": {
            "text-color":[
              "step",
              ["zoom"],
              "hsla(0, 72%, 53%, 0)",
              12,
              [ "case",[">=", ["to-number", ["get", "MJ"]], 1000000],"#3F5C73","hsla(0, 72%, 53%, 0)"],
              14,
              [ "case",[">=", ["to-number", ["get", "MJ"]], 10000],"#3F5C73","hsla(0, 72%, 53%, 0)"],
              16,"#3F5C73"
          ],
            "text-halo-color":[
              "step",
              ["zoom"],
              "hsla(0, 72%, 53%, 0)",
              12,
              [ "case",[">=", ["to-number", ["get", "MJ"]], 1000000],"#FFFFFF","hsla(0, 72%, 53%, 0)"],
              14,
              [ "case",[">=", ["to-number", ["get", "MJ"]], 10000],"#FFFFFF","hsla(0, 72%, 53%, 0)"],
              16,"#FFFFFF"
          ],
            "text-halo-width": 1
        }
      },
       {
        "id": "SX_SX_PT_12",
        "type": "symbol",
        "source": "SZ_BaseMap_12",
        "source-layer": "SX_SX_PT_12",
        "minzoom":12,
        "maxzoom":13,
        "layout": {
            "text-line-height": 1.1,
            "text-size": ["interpolate",["linear"],["zoom"], 10,10, 14,12,  22,14],
            "text-max-angle": 38,
            "text-font": ["MicrosoftYaHeiRegular"],
            "text-padding": 2,
            "text-anchor": "center",
            "text-field": ["to-string", ["get", "BZMC"]],
            "text-max-width": 8
        },
        "paint": {
            "text-color":[
              "step",
              ["zoom"],
              "hsla(0, 72%, 53%, 0)",
              12,
              [ "case",[">=", ["to-number", ["get", "MJ"]], 1000000],"#3F5C73","hsla(0, 72%, 53%, 0)"],
              14,
              [ "case",[">=", ["to-number", ["get", "MJ"]], 10000],"#3F5C73","hsla(0, 72%, 53%, 0)"],
              16,"#3F5C73"
          ],
            "text-halo-color":[
              "step",
              ["zoom"],
              "hsla(0, 72%, 53%, 0)",
              12,
              [ "case",[">=", ["to-number", ["get", "MJ"]], 1000000],"#FFFFFF","hsla(0, 72%, 53%, 0)"],
              14,
              [ "case",[">=", ["to-number", ["get", "MJ"]], 10000],"#FFFFFF","hsla(0, 72%, 53%, 0)"],
              16,"#FFFFFF"
          ],
            "text-halo-width": 1
        }
      },

      {
        "id": "SX_SX_PT_JH_Label",
        "type": "symbol",
        "source": "SZ_BaseMap_8",
        "source-layer": "SX_SX_PT_300000",
        "filter":[">=", ["to-number", ["get", "MJ"]], 2000000],
        "minzoom":11,
        "maxzoom":12,
        "layout": {
            "text-line-height": 1.1,
            "text-size": ["interpolate",["linear"],["zoom"],10,10, 14,12],
            "text-max-angle": 38,
            "text-font": ["MicrosoftYaHeiRegular"],
            "text-padding": 2,
            "text-anchor": "center",
            "text-field": ["to-string", ["get", "BZMC"]],
            "text-max-width": 8
        },
        "paint": {
            "text-color":"#3F5C73",
            "text-halo-color": "#FFFFFF",
            "text-halo-width": 1
        }
      },

      {
        "id": "SX_SX_PT_1000000_Label",
        "type": "symbol",
        "source": "SZ_BaseMap_8",
        "source-layer": "SX_SX_PT_300000",
        "filter":[">=", ["to-number", ["get", "MJ"]], 5000000],
        "minzoom":10,
        "maxzoom":11,
        "layout": {
            "text-line-height": 1.1,
            "text-size": ["interpolate",["linear"],["zoom"],10,10, 14,12],
            "text-max-angle": 38,
            "text-font": ["MicrosoftYaHeiRegular"],
            "text-padding": 2,
            "text-anchor": "center",
            "text-field": ["to-string", ["get", "BZMC"]],
            "text-max-width": 8
        },
        "paint": {
            "text-color":"#3F5C73",
            "text-halo-color": "#FFFFFF",
            "text-halo-width": 1
        }
      },
      {
        "id": "SX_SX_PT_6000000_Label",
        "type": "symbol",
        "source": "SZ_BaseMap_8",
        "source-layer": "SX_SX_PT_300000",
        "minzoom":8,
        "maxzoom":10,
        "filter":[">=", ["to-number", ["get", "MJ"]], 20000000],
        "layout": {
            "text-line-height": 1.1,
            "text-size": ["interpolate",["linear"],["zoom"],8,9, 10,10],
            "text-max-angle": 38,
            "text-font": ["MicrosoftYaHeiRegular"],
            "text-padding": 2,
            "text-anchor": "center",
            "text-field": ["to-string", ["get", "BZMC"]],
            "text-max-width": 8
        },
        "paint": {
            "text-color":"#3F5C73",
            "text-halo-color": "#FFFFFF",
            "text-halo-width": 1
        }
      },
       {
        "id": "DLJT_XCDL_L_Label",
        "type": "symbol",
        "source": "SZ_BaseMap_12",
        "source-layer": "DLJT_XCDL_L",
        "minzoom": 12,
        "layout": {
          "symbol-placement": "line",
          "text-font":["step",["zoom"],["literal",["MicrosoftYaHeiRegular"]],16,["literal",["MicrosoftYaHeiBold"]]],
          "text-size": ["interpolate",["linear"],["zoom"], 12,9, 14,10, 18,12],
          "text-max-width": 8,
          "text-field": ["to-string", ["get", "BZMC"]],
          "text-letter-spacing": ["interpolate",["linear"],["zoom"],12,0.1, 13,0.2, 14,0.2, 16,0.3],
          "symbol-spacing": ["interpolate",["linear"],["zoom"],8,0,  12,500, 13,500,  16,900],
          "text-optional": true
        },
        "paint": {
          "text-color": "#4E4E4E",
          "text-halo-color": "#FFFFFF",
          "text-halo-width": 1.2
        }
      },
       {
        "id": "DLJT_GL_L_ZYGL_Label",
        "type": "symbol",
        "source": "SZ_BaseMap_11",
        "source-layer": "DLJT_GL_L_11",
        "filter": ["match", ["get", "LX"],   ["专用公路"], true,false ],
        "minzoom": 12,
        "layout": {
          "symbol-placement": "line",
          "text-font":["step",["zoom"],["literal",["MicrosoftYaHeiRegular"]],16,["literal",["MicrosoftYaHeiBold"]]],
          "text-size": ["interpolate",["linear"],["zoom"], 12,9, 14,10, 18,12],
          "text-max-width": 8,
          "text-field": ["to-string", ["get", "BZMC"]],
          "text-letter-spacing": ["interpolate",["linear"],["zoom"],12,0.1, 13,0.2, 14,0.2, 16,0.3],
          "symbol-spacing": ["interpolate",["linear"],["zoom"],8,0,  12,500, 13,500,  16,900],
          "text-optional": true
        },
        "paint": {
          "text-color": "#4E4E4E",
          "text-halo-color": "#FFFFFF",
          "text-halo-width": 1.2
        }
      },
       {
        "id": "DLJT_GL_L_XID_Label",
        "type": "symbol",
        "source": "SZ_BaseMap_11",
        "source-layer": "DLJT_GL_L_11",
        "filter": ["match", ["get", "LX"],   ["乡道"], true,false ],
        "minzoom": 12,
        "layout": {
          "symbol-placement": "line",
          "text-font":["step",["zoom"],["literal",["MicrosoftYaHeiRegular"]],16,["literal",["MicrosoftYaHeiBold"]]],
          "text-size": ["interpolate",["linear"],["zoom"], 12,9, 14,10, 18,12],
          "text-max-width": 8,
          "text-field": ["to-string", ["get", "BZMC"]],
          "text-letter-spacing": ["interpolate",["linear"],["zoom"],12,0.1, 13,0.2, 14,0.2, 16,0.3],
          "symbol-spacing": ["interpolate",["linear"],["zoom"],8,0,  12,500, 13,500,  16,900],
          "text-optional": true
        },
        "paint": {
          "text-color": "#4E4E4E",
          "text-halo-color": "#FFFFFF",
          "text-halo-width": 1.2
        }
      },
       {
        "id": "DLJT_CSDL_L_ZL_Label",
        "type": "symbol",
        "source": "SZ_BaseMap_11",
        "source-layer": "DLJT_CSDL_L_11",
        "filter": ["match", ["get", "LX"], ["支路"], true,false ],
        "minzoom": 12,
        "layout": {
          "symbol-placement": "line",
          "text-font":["step",["zoom"],["literal",["MicrosoftYaHeiRegular"]],16,["literal",["MicrosoftYaHeiBold"]]],
          "text-size": ["interpolate",["linear"],["zoom"], 12,9, 14,10, 18,12],
          "text-max-width": 8,
          "text-field": ["to-string", ["get", "BZMC"]],
          "text-letter-spacing": ["interpolate",["linear"],["zoom"],12,0.1, 13,0.2, 14,0.2, 16,0.3],
          "symbol-spacing": ["interpolate",["linear"],["zoom"],8,0,  12,500, 13,500,  16,900],
          "text-optional": true
        },
        "paint": {
          "text-color": "#4E4E4E",
          "text-halo-color": "#FFFFFF",
          "text-halo-width": 1.2
        }
      },
       {
        "id": "DLJT_CSDL_L_CGD_Label",
        "type": "symbol",
        "source": "SZ_BaseMap_11",
        "source-layer": "DLJT_CSDL_L_11",
        "filter": ["match", ["get", "LX"], ["次干道"], true,false ],
        "minzoom": 12,
        "layout": {
          "symbol-placement": "line",
          "text-font":["step",["zoom"],["literal",["MicrosoftYaHeiRegular"]],16,["literal",["MicrosoftYaHeiBold"]]],
          "text-size": ["interpolate",["linear"],["zoom"], 12,10,  16,12, 18,14],
          "text-max-width": 8,
          "text-field": ["to-string", ["get", "BZMC"]],
          "text-letter-spacing": ["interpolate",["linear"],["zoom"],10,0.2, 11,0.1, 12,0.1, 13,0.2, 14,0.2, 16,0.3],
          "symbol-spacing": ["interpolate",["linear"],["zoom"],8,0, 10,250, 11,500, 12,350, 13,550, 14,750, 16,900],
          "text-optional": true
        },
        "paint": {
          "text-color": "#4E4E4E",
          "text-halo-color": "#FFFFFF",
          "text-halo-width": 1.2
        }
      },
      {
        "id": "DLJT_CSDL_L_ZGD_Label",
        "type": "symbol",
        "source": "SZ_BaseMap_10",
        "source-layer": "DLJT_CSDL_L_10",
        "filter": ["match", ["get", "LX"], ["主干道"], true,false ],
        "minzoom": 11,
        "layout": {
          "symbol-placement": "line",
          "text-font":["step",["zoom"],["literal",["MicrosoftYaHeiRegular"]],16,["literal",["MicrosoftYaHeiBold"]]],
          "text-size": ["interpolate",["linear"],["zoom"], 10,9, 12,11,  14,12, 18,14],
          "text-max-width": 8,
          "text-field": ["to-string", ["get", "BZMC"]],
          "text-letter-spacing": ["interpolate",["linear"],["zoom"],10,0.2, 11,0.1, 12,0.1, 13,0.2, 14,0.2, 16,0.3],
          "symbol-spacing": ["interpolate",["linear"],["zoom"],8,0, 10,250, 11,500, 12,350, 13,550, 14,750, 16,900],
          "text-optional": true
        },
        "paint": {
          "text-color": "#4E4E4E",
          "text-halo-color": "#FFFFFF",
          "text-halo-width": 1.2
        }
      },
      {
        "id": "DLJT_CSDL_L_KSL_Label",
        "type": "symbol",
        "source": "SZ_BaseMap_10",
        "source-layer": "DLJT_CSDL_L_10",
        "filter": ["match", ["get", "LX"], ["快速路"], true,false ],
        "minzoom": 11,
        "layout": {
          "symbol-placement": "line",
          "text-font":["step",["zoom"],["literal",["MicrosoftYaHeiRegular"]],16,["literal",["MicrosoftYaHeiBold"]]],
          "text-size": ["interpolate",["linear"],["zoom"], 10,10, 12,12,  14,12, 18,14],
          "text-max-width": 8,
          "text-field": ["to-string", ["get", "BZMC"]],
          "text-letter-spacing": ["interpolate",["linear"],["zoom"],10,0.2, 11,0.1, 12,0.1, 13,0.2, 14,0.2, 16,0.3],
          "symbol-spacing": ["interpolate",["linear"],["zoom"],8,0, 10,250, 11,500, 12,350, 13,550, 14,750, 16,900],
          "text-optional": true
        },
        "paint": {
          "text-color": "#4E4E4E",
          "text-halo-color": "#FFFFFF",
          "text-halo-width": 1.2
        }
      },
      {
        "id": "DLJT_GL_L_GSD_Label",
        "type": "symbol",
        "source": "SZ_BaseMap_8",
        "source-layer": "DLJT_GL_L_8",
        "filter": ["all",["match", ["get", "JSDJ"], ["高速公路"], false,true],["match", ["get", "LX"],["国道","省道"],true,false]],
        "minzoom": 11,
        "layout": {
          "symbol-placement": "line",
          "text-font":["step",["zoom"],["literal",["MicrosoftYaHeiRegular"]],16,["literal",["MicrosoftYaHeiBold"]]],
          "text-size": ["interpolate",["linear"],["zoom"], 10,10, 12,12,  14,12, 18,14],
          "text-max-width": 8,
          "text-field": ["to-string", ["get", "BZMC"]],
          "text-letter-spacing": ["interpolate",["linear"],["zoom"],10,0.2, 11,0.1, 12,0.1, 13,0.2, 14,0.2, 16,0.3],
          "symbol-spacing": ["interpolate",["linear"],["zoom"],8,0, 10,250, 11,300, 12,350, 13,550, 14,750],
          "text-optional": true
        },
        "paint": {
          "text-color": "#4E4E4E",
          "text-halo-color": "#FFFFFF",
          "text-halo-width": 1.2
        }
      },
      {
        "id": "DLJT_GL_L_GSGL_Label",
        "type": "symbol",
        "source": "SZ_BaseMap_8",
        "source-layer": "DLJT_GL_L_8",
        "filter":["match", ["get", "JSDJ"], ["高速公路"], true,false ],
        "minzoom": 8,
        "layout": {
          "symbol-placement": "line",
          "text-font":["step",["zoom"],["literal",["MicrosoftYaHeiRegular"]],15,["literal",["MicrosoftYaHeiBold"]]],
          "text-size": ["interpolate",["linear"],["zoom"],8,10, 10,12,  14,14, 18,16],
          "text-max-width": 8,
          "text-field": ["to-string", ["get", "BZMC"]],
          "text-letter-spacing": ["interpolate",["linear"],["zoom"],10,0.2, 11,0.1, 12,0.1, 13,0.2, 14,0.2, 16,0.3],
          "symbol-spacing": ["interpolate",["linear"],["zoom"],8,0, 10,250, 11,300, 12,350, 13,550, 14,750],
          "text-optional": true
        },
        "paint": {
          "text-color": "#8C4600",
          "text-halo-color": "#FFFFFF",
          "text-halo-width": 1.5
        }
      },
      {
        "id": "DLJT_GL_L_XD_BH",
        "type": "symbol",
        "source": "SZ_BaseMap_11",
        "source-layer": "DLJT_GL_L_11",
        "minzoom": 12,
        "filter": ["match", ["get", "LX"],   ["县道"], true,false ],
        "layout": {
          "symbol-placement": "line",
          "text-font": ["ArialBold"],
          "text-size": ["interpolate",["linear"],["zoom"],10,9, 12,9, 14,9],
          "text-field": ["to-string", ["get", "BH"]],
          "text-offset": [0, 0.2],
          "icon-image":"XD/省道/4",
          "icon-rotation-alignment": "viewport",
          "text-rotation-alignment": "viewport",
          "symbol-spacing": ["interpolate",["linear"],["zoom"],8,0, 10,250, 11,500, 12,350, 13,550, 14,750, 16,900]
        },
        "paint": {
          "text-color": "#828282"
        }
      },
      {
        "id": "DLJT_GL_L_SD_BH",
        "type": "symbol",
        "source": "SZ_BaseMap_8",
        "source-layer": "DLJT_GL_L_8",
        "minzoom": 10,
        "filter": ["all",["match", ["get", "JSDJ"], ["高速公路"], false,true ],["match", ["get", "LX"],["省道"], true,false]],
        "layout": {
          "symbol-placement": "line",
          "text-font": ["ArialBold"],
          "text-size": ["interpolate",["linear"],["zoom"],10,9, 12,9, 14,9],
          "text-field": ["to-string", ["get", "BH"]],
          "text-offset": [0, 0.2],
          "icon-image":"SD/省道/4",
          "icon-rotation-alignment": "viewport",
          "text-rotation-alignment": "viewport",
          "symbol-spacing": ["interpolate",["linear"],["zoom"],8,0, 10,250, 11,500, 12,350, 13,550, 14,750, 16,900]
        },
        "paint": {
          "text-color": "#4e4e4e"
        }
      },
      {
        "id": "DLJT_GL_L_GD_BH",
        "type": "symbol",
        "source": "SZ_BaseMap_8",
        "source-layer": "DLJT_GL_L_8",
        "minzoom": 10,
        "filter": ["all",["match", ["get", "JSDJ"], ["高速公路"], false,true],["match", ["get", "LX"],["国道"],true,false]],
        "layout": {
          "symbol-placement": "line",
          "text-font": ["ArialBold"],
          "text-size": ["interpolate",["linear"],["zoom"],10,9, 12,9, 14,9],
          "text-field": ["to-string", ["get", "BH"]],
          "text-offset": [0, 0.2],
          "icon-image":"GD/省道/4",
          "icon-rotation-alignment": "viewport",
          "text-rotation-alignment": "viewport",
          "symbol-spacing": ["interpolate",["linear"],["zoom"],8,0, 10,250, 11,500, 12,1000, 13,550, 14,750, 16,900]
        },
        "paint": {
          "text-color": "#FFFFFF"
        }
      },

      {
        "id": "DLJT_GL_L_SG",
        "type": "symbol",
        "source": "SZ_BaseMap_8",
        "source-layer": "DLJT_GL_L_8",
        "minzoom": 8,
        "filter": ["all",
          ["match", ["get", "JSDJ"], ["高速公路"], true,false ],
          ["match", ["get", "LX"],   ["省道"], true,false ]
        ],
        "layout": {
          "symbol-placement": "line",
          "text-font": ["ArialBold"],
          "text-size": ["interpolate",["linear"],["zoom"],8,9, 13,10],
          "text-field": ["to-string", ["get", "BH"]],
          "text-offset": [0, 0.3],
          "icon-image":[
            "step",
            ["zoom"],
            "",
            8,
            ["match",["get", "BH"],["S9","S5"],"GSGL_S/省道/2","GSGL_S/省道/3"],
            13,
            ["match",["get", "BH"],["S9","S5"],"GSGL_L/省道/3","GSGL_L/省道/4"]
          ],
          "icon-rotation-alignment": "viewport",
          "text-rotation-alignment": "viewport",
          "symbol-spacing": ["interpolate",["linear"],["zoom"],8,250,  11,400, 12,1000]
        },
        "paint": {
          "text-color": "#FFFFFF"
        }
      },
      {
        "id": "DLJT_GL_L_GG",
        "type": "symbol",
        "source": "SZ_BaseMap_8",
        "source-layer": "DLJT_GL_L_8",
        "minzoom": 8,
        "filter": ["all",
          ["match", ["get", "JSDJ"], ["高速公路"], true,false ],
          ["match", ["get", "LX"],   ["国道"], true,false ]
        ],
        "layout": {
          "symbol-placement": "line",
          "text-font": ["ArialBold"],
          "text-size": ["interpolate",["linear"],["zoom"],8,9, 13,10],
          "text-field": ["to-string", ["get", "BH"]],
          "text-offset": [0, 0.3],
          "icon-image":[
            "step",
            ["zoom"],
            "",
            8,
            ["match",["get", "BH"],["G2"],"GSGL_S/国道/2",["G50","G15"],"GSGL_S/国道/3",["G15W"],"GSGL_S/国道/5","GSGL_S/国道/6"],
            13,
            ["match",["get", "BH"],["G2"],"GSGL_L/国道/3",["G50","G15"],"GSGL_L/国道/4",["G15W"],"GSGL_L/国道/6","GSGL_L/国道/7"]
          ],
          "icon-rotation-alignment": "viewport",
          "text-rotation-alignment": "viewport",
          "symbol-spacing": ["interpolate",["linear"],["zoom"],8,250,  11,400,  12,1000]
        },
        "paint": {
          "text-color": "#FFFFFF"
        }
      },
      {
        "id": "JGZW_JZW_P",
        "type": "fill-extrusion",
        "source": "SZ_BaseMap_15",
        "source-layer": "JGZW_JZW_P",
        "minzoom": 15,
        "layout": {},
        "paint": {
            "fill-extrusion-height": [
              "interpolate",
              ["linear"],
              ["zoom"],
              15,["case",[">", ["to-number", ["get", "DSCS"]], 0],["*", ["to-number", ["get", "DSCS"]], 3],10],
              22,["case",[">", ["to-number", ["get", "DSCS"]], 0],["*",["to-number", ["get", "DSCS"]], 4],15]],
            "fill-extrusion-color": "#FFFFFF",
            "fill-extrusion-opacity": ["interpolate",["linear"],["zoom"],15,0.25,18,0.5],
            "fill-extrusion-vertical-gradient": false
        }
      },
      {
        "id": "QYDY_DK_PT",
        "type": "symbol",
        "source": "SZ_BaseMap_POI",
        "source-layer": "QYDY_DK_PT",
        "minzoom": 14,
        "layout": {
            "text-field": ["to-string", ["get", "BZMC"]],
            "text-font":["step",["zoom"],[ "literal",["MicrosoftYaHeiRegular"]],16,["literal",["MicrosoftYaHeiBold"]]
            ],
            "text-size": ["interpolate",["linear"],["zoom"],14,10,18,12],
            "text-padding": ["interpolate",["linear"],["zoom"],14,20,16,2]
        },
        "paint": {
          "text-color": [
            "step",
            ["zoom"],
            "hsla(0, 0%, 0%, 0)",
            12,
            ["match",["get", "YTMC"],["城镇住宅用地"],"#5D4E3A","hsla(0, 83%, 58%, 0)"],
            14,
            ["match",["get", "YTMC"],["城镇住宅用地"],"#5D4E3A",["科研用地","教育用地"],"#455D73",["医疗卫生用地"],"#6E394B",
               ["体育用地","文化设施用地"],"#6A7853",["商务金融用地","零售商业用地","其他商服用地"],"#726850","#686868"]
          ],
          "text-halo-width": 0,
          "text-halo-color": "#FFFFFF"
          }
       },
      {
        "id": "GDJT_TLZQ_P",
        "type": "fill",
        "source": "SZ_BaseMap_15",
        "source-layer": "GDJT_TLZQ_P",
        "minzoom": 15,
        "layout": {},
        "paint": {
          "fill-color":"#6693C0",
          "fill-opacity":0.3,
          "fill-outline-color": "hsla(0, 0%, 0%, 0)"
        }
      },
      {
        "id": "GDJT_TLZQ_L",
        "type": "line",
        "source": "SZ_BaseMap_15",
        "source-layer": "GDJT_TLZQ_P",
        "minzoom": 15,
        "layout": {},
        "paint": {
          "line-color":"#6693C0",
          "line-opacity":0.6,
          "line-width":1
        }
      },
      {
        "id": "GDJT_GDJTZQ_P",
        "type": "fill",
        "source": "SZ_BaseMap_15",
        "source-layer": "GDJT_GDJTZQ_P",
        "minzoom": 15,
        "layout": {},
        "paint": {
          "fill-color": ["match",["get", "SSXLMC"],["1号线"],"#68A41C",["2号线"],"#D62E39",["3号线"],"#E67500",["4号线"],"#0064B4",["4号线支线"],"#0064B4","#6693C0"],
          "fill-opacity":0.5,
          "fill-outline-color": "hsla(0, 0%, 0%, 0)"
        }
      },
      {
        "id": "GDJT_GDJTZQ_L",
        "type": "line",
        "source": "SZ_BaseMap_15",
        "source-layer": "GDJT_GDJTZQ_P",
        "minzoom": 15,
        "layout": {},
        "paint": {
            "line-color":  ["match",["get", "SSXLMC"],["1号线"],"#68A41C",["2号线"],"#D62E39",["3号线"],"#E67500",["4号线"],"#0064B4",["4号线支线"],"#0064B4","#6693C0"],
            "line-width": ["interpolate",["linear"],["zoom"],10,0.8, 12,1, 22,1.5],
            "line-dasharray": [
              "step",
              ["zoom"],
              ["literal", [2, 2]],
              18,
              ["literal", [4, 4]],
              22,
              ["literal", [6, 6]]
            ]
        }
      },
      {
        "id": "GDJT_GDJTX_L_Label",
        "type": "symbol",
        "source": "SZ_BaseMap_11",
        "source-layer": "GDJT_GDJTX_L",
        "filter": ["match", ["get", "BZMC"], ["1号线","2号线","3号线","4号线","4号线支线"], true,false ],
        "minzoom": 11,
        "layout": {
          "symbol-placement": "line",
          "text-font":["step",["zoom"],["literal",["MicrosoftYaHeiRegular"]],14,["literal",["MicrosoftYaHeiBold"]]],
          "text-size": ["interpolate",["linear"],["zoom"],12,10, 16,14],
          "text-max-width": 8,
          "text-field": ["to-string", ["get", "BZMC"]],
          "text-letter-spacing": ["interpolate",["linear"],["zoom"], 12,0.1, 13,0.2, 14,0.2, 16,0.3],
          "symbol-spacing": ["interpolate",["linear"],["zoom"],11,250, 12,350, 13,550, 14,750, 16,900],
          "text-optional": true
        },
        "paint": {
          "text-color": ["match",["get", "BZMC"],["1号线"],"#68A41C",["2号线"],"#D62E39",["3号线"],"#E67500",["4号线"],"#0064B4",["4号线支线"],"#0064B4","#6693C0"],
          "text-halo-color": "#FFFFFF",
          "text-halo-width": 1
        }
      },
      {
        "id": "GDJT_GDJTZD_PT_Circle",
        "type": "circle",
        "source": "SZ_BaseMap_12",
        "source-layer": "GDJT_GDJTZD_PT",
        "filter": ["match", ["get", "SSXLMC"], ["1号线","2号线","3号线","4号线","4号线支线","换乘站"], true,false ],
        "minzoom": 12,
        "maxzoom":16,
        "layout": {},
        "paint": {
            "circle-color": "#FFFFFF",
            "circle-radius": ["interpolate",["linear"],["zoom"],12,2.5, 16,4],
            "circle-stroke-width": 1,
            "circle-stroke-color": ["match",["get", "SSXLMC"],["1号线"],"#68A41C",["2号线"],"#D62E39",["3号线"],"#E67500",["4号线"],"#0064B4",["4号线支线"],"#0064B4","#6693C0"]
        }
      },
      {
        "id": "GDJT_GDJTZD_PT",
        "type": "symbol",
        "source": "SZ_BaseMap_12",
        "source-layer": "GDJT_GDJTZD_PT",
        "filter": ["match", ["get", "SSXLMC"], ["1号线","2号线","3号线","4号线","4号线支线","换乘站"], true,false ],
        "minzoom": 13,
        "maxzoom":16,
        "layout": {
            "text-line-height": 1.1,
            "text-size": ["interpolate",["linear"],["zoom"],12,10, 14,12, 16,14],
            "text-max-angle": 38,
            "text-font": ["step",["zoom"],["literal",["MicrosoftYaHeiRegular"]],16,["literal",["MicrosoftYaHeiBold"]]],
            "text-padding": 2,
            "text-offset": [0, 0.5],
            "text-anchor": "top",
            "text-field": ["to-string", ["get", "BZMC"]],
            "text-max-width": 8
        },
        "paint": {
            "text-color":["match",["get", "SSXLMC"],["1号线"],"#68A41C",["2号线"],"#D62E39",["3号线"],"#E67500",["4号线"],"#0064B4",["4号线支线"],"#0064B4","#6693C0"],
            "text-halo-color": "#FFFFFF",
            "text-halo-width": 1
        }
      },
      {
        "id": "GDJT_GDJTZD_PT_Large",
        "type": "symbol",
        "source": "SZ_BaseMap_12",
        "source-layer": "GDJT_GDJTZD_PT",
        "filter": ["match", ["get", "SSXLMC"], ["1号线","2号线","3号线","4号线","4号线支线","换乘站"], true,false ],
        "minzoom": 16,
        "layout": {
            "text-line-height": 1.1,
            "text-size": ["interpolate",["linear"],["zoom"],12,10, 14,12, 16,14],
            "text-max-angle": 38,
            "text-font": ["step",["zoom"],["literal",["MicrosoftYaHeiRegular"]],16,["literal",["MicrosoftYaHeiBold"]]],
            "text-padding": 2,
            "text-anchor": "center",
            "text-field": ["to-string", ["get", "BZMC"]],
            "text-max-width": 8
        },
        "paint": {
            "text-color":["match",["get", "SSXLMC"],["1号线"],"#68A41C",["2号线"],"#D62E39",["3号线"],"#E67500",["4号线"],"#0064B4",["4号线支线"],"#0064B4","#6693C0"],
            "text-halo-color": "#FFFFFF",
            "text-halo-width": 1
        }
      },
      {
        "id": "GDJT_GDJTCRK_PT_Circle",
        "type": "circle",
        "source": "SZ_BaseMap_15",
        "source-layer": "GDJT_GDJTCRK_PT",
        "minzoom": 15,
        "layout": {},
        "paint": {
            "circle-color": "#FEF671",
            "circle-radius": [
              "interpolate",
              ["linear"],
              ["zoom"],
              15,
              8,
              20,
              10
          ],
            "circle-stroke-width": 1,
            "circle-stroke-color": "#343434"
        }
      },
      {
        "id": "GDJT_GDJTCRK_PT",
        "type": "symbol",
        "source": "SZ_BaseMap_15",
        "source-layer": "GDJT_GDJTCRK_PT",
        "minzoom": 15,
        "layout": {
            "text-line-height": 1.1,
            "text-size": [
                "interpolate",
                ["linear"],
                ["zoom"],
                14,
                10,
                20,
                12
            ],
            "text-max-angle": 38,
            "text-font": ["ArialBold"],
            "text-padding": 2,
            "text-offset": [0, 0.1],
            "text-anchor": "center",
            "text-field": ["to-string", ["get", "JC"]],
            "text-max-width": 8
        },
        "paint": {
            "text-color": "#343434"
        }
      },

      {
        "id": "XQD_POI_PT_QT",
        "type": "symbol",
        "source": "SZ_BaseMap_POI",
        "source-layer": "XQD_POI_PT",
        "filter":["match", ["get", "FLMC"], ["科教文化_科教文化场馆_博物馆","科教文化_科教文化场馆_图书馆","卫生社保_医药保健销售店_药店","卫生社保_诊所门诊_诊所"], true,false ],
        "minzoom": 12,
        "layout": {
            "text-line-height": 1.1,
            "text-size": ["interpolate",["linear"],["zoom"],13,11,16,12],
            "icon-image": ["match",["get", "FLMC"],["科教文化_科教文化场馆_博物馆"],"BWG",["科教文化_科教文化场馆_图书馆"],"TSG","YD"],
            "text-max-angle": 38,
            "text-font": ["MicrosoftYaHeiRegular"],
            "text-padding": ["interpolate",["linear"],["zoom"],12,30,14,10,16,2],
            "text-offset": [0, 0.5],
            "text-anchor": "top",
            "text-field": ["to-string", ["get", "JC"]],
            "text-max-width": 8
        },
        "paint": {
            "text-color": "#343434",
            "text-halo-color": "#FFFFFF",
            "text-halo-width": 1.2
        }
      },

      {
        "id": "XQD_POI_PT",
        "type": "symbol",
        "source": "SZ_BaseMap_POI",
        "source-layer": "XQD_POI_PT",
        "filter":["match", ["get", "FLMC"], ["科教文化_科教文化场馆_博物馆","科教文化_科教文化场馆_图书馆","卫生社保_医药保健销售店_药店","卫生社保_诊所门诊_诊所"], false,true ],
        "minzoom": 12,
        "layout": {
            "text-line-height": 1.1,
            "text-size": ["interpolate",["linear"],["zoom"],13,11,16,12],
            "icon-image": ["match",["get", "FL"],["机关团体"],"DZJG",["科教文化"],"XX",["卫生社保"],"YY",["旅游景点"],"MSGJJD",["房产园区与仓储"],"ZZ",""],
            "text-max-angle": 38,
            "text-font": ["MicrosoftYaHeiRegular"],
            "text-padding": ["interpolate",["linear"],["zoom"],12,30,14,10,16,2],
            "text-offset": [0, 0.5],
            "text-anchor": "top",
            "text-field": ["to-string", ["get", "JC"]],
            "text-max-width": 8
        },
        "paint": {
            "text-color": ["match",["get", "FL"],["机关团体"],"#343434",["科教文化"],"#455C72",["卫生社保"],"#875064",["旅游景点"],"#4C664C",["房产园区与仓储"],"#675844","#0070FF"],
            "text-halo-color": "#FFFFFF",
            "text-halo-width": 1.2
        }
      },
      {
        "id": "GDJT_TLZD_PT",
        "type": "symbol",
        "source": "SZ_BaseMap_POI",
        "source-layer": "GDJT_TLZD_PT",
        "minzoom": 12,
        "layout": {
            "text-line-height": 1.1,
            "text-size": ["interpolate",["linear"],["zoom"],13,11,16,12],
            "icon-image": "HCZ",
            "text-max-angle": 38,
            "text-font": ["MicrosoftYaHeiRegular"],
            "text-padding": 2,
            "text-offset": [0, 0.6],
            "text-anchor": "top",
            "text-field": ["to-string", ["get", "JC"]],
            "text-max-width": 8
        },
        "paint": {
            "text-color": "#4B6C8D",
            "text-halo-color": "#FFFFFF",
            "text-halo-width": 1.2
        }
      },
      {
        "id": "XZQH_CJ_PT",
        "type": "symbol",
        "source": "SZ_BaseMap_13",
        "source-layer": "XZQH_XZJG_PT",
        "minzoom": 14,
        "layout": {
            "text-line-height": 1.1,
            "text-size": ["interpolate",["linear"],["zoom"],14,10, 20,12],
            "text-max-angle": 38,
            "text-font": ["step",["zoom"],["literal",["MicrosoftYaHeiRegular"]],16,["literal",["MicrosoftYaHeiBold"]]],
            "text-padding": 2,
            "text-offset": [0, 0.5],
            "text-anchor": "top",
            "text-field": ["to-string", ["get", "BZMC"]],
            "text-max-width": 8
        },
        "paint": {
            "text-color":  ["interpolate",["linear"],["zoom"],12,"#686868",16,"#4E4E4E"],
            "text-halo-color": "#FFFFFF",
            "text-halo-width": 1.2
        }
      },
      {
        "id": "XZQH_XZ_PT",
        "type": "symbol",
        "source": "SZ_BaseMap_12",
        "source-layer": "XZQH_XZ_PT",
        "filter":["match", ["get", "JB"], ["乡镇级"], true,false ],
        "minzoom": 12,
        "layout": {
            "text-line-height": 1.1,
            "text-size": ["interpolate",["linear"],["zoom"],10,10, 14,12, 20,14],
            "text-max-angle": 38,
            "icon-image": [ "step",["zoom"],"",12,"XZQH_XZ_PT_S",16,"XZQH_XZ_PT_L"],
            "text-font": ["step",["zoom"],["literal",["MicrosoftYaHeiRegular"]],16,["literal",["MicrosoftYaHeiBold"]]],
            "text-padding": 2,
            "text-offset": [0, 0.5],
            "text-anchor": "top",
            "text-field": ["to-string", ["get", "BZMC"]],
            "text-max-width": 8
        },
        "paint": {
            "text-color": ["interpolate",["linear"],["zoom"],12,"#686868",14,"#4E4E4E"],
            "text-halo-color": "#FFFFFF",
            "text-halo-width": 1.2
        }
      },
      {
        "id": "XZQH_GWH_PT_QT",
        "type": "symbol",
        "source": "SZ_BaseMap_8",
        "source-layer": "XZQH_XZJG_PT_8",
        "filter":["match", ["get", "JB"], ["管委会(省级筹)","管委会(省级)"], true,false ],
        "minzoom": 10,
        "layout": {
            "text-line-height": 1.1,
            "text-size": ["interpolate",["linear"],["zoom"],8,10, 10,12, 14,14, 20,16],
            "icon-image": [ "step",["zoom"],"",10,"XZQH_GWH_PT_S",12,"XZQH_GWH_PT_L"],
            "text-max-angle": 38,
            "text-font": ["step",["zoom"],["literal",["MicrosoftYaHeiRegular"]],13,["literal",["MicrosoftYaHeiBold"]]],
            "text-padding": 2,
            "text-offset": [0, 0.5],
            "text-anchor": "top",
            "text-field": ["to-string", ["get", "BZMC"]],
            "text-max-width": 8
        },
        "paint": {
            "text-color": ["interpolate",["linear"],["zoom"],10,"#686868",12,"#4E4E4E"],
            "text-halo-color": "#FFFFFF",
            "text-halo-width": 1.2
        }
      },
      {
        "id": "XZQH_GWH_PT",
        "type": "symbol",
        "source": "SZ_BaseMap_8",
        "source-layer": "XZQH_XZJG_PT_8",
        "filter": ["all",
          ["match", ["get", "JB"], ["管委会(国家级)"], true,false ],
          ["match", ["get", "BZMC"],   ["苏州工业园区"], false,true ]
        ],
        "minzoom": 9,
        "layout": {
            "text-line-height": 1.1,
            "text-size": ["interpolate",["linear"],["zoom"],8,10, 10,12, 14,14, 20,16],
            "icon-image": [ "step",["zoom"],"",9,"XZQH_GWH_PT_S",12,"XZQH_GWH_PT_L"],
            "text-max-angle": 38,
            "text-font": ["step",["zoom"],["literal",["MicrosoftYaHeiRegular"]],13,["literal",["MicrosoftYaHeiBold"]]],
            "text-padding": 2,
            "text-offset": [0, 0.5],
            "text-anchor": "top",
            "text-field": ["to-string", ["get", "BZMC"]],
            "text-max-width": 8
        },
        "paint": {
            "text-color": ["interpolate",["linear"],["zoom"],10,"#686868",12,"#4E4E4E"],
            "text-halo-color": "#FFFFFF",
            "text-halo-width": 1.2
        }
      },

      {
        "id": "XZQH_QX_PT",
        "type": "symbol",
        "source": "SZ_BaseMap_8",
        "source-layer": "XZQH_XZJG_PT_8",
        "filter":["match", ["get", "JB"], ["区县级"], true,false ],
        "minzoom": 8,
        "layout": {
            "text-line-height": 1.1,
            "text-size": ["interpolate",["linear"],["zoom"],8,10, 10,12, 14,14, 20,16],
            "icon-image": [ "step",["zoom"],"",8,"XZQH_QX_PT_S",9,"XZQH_QX_PT_M",12,"XZQH_QX_PT_L"],
            "text-max-angle": 38,
            "text-font": ["step",["zoom"],["literal",["MicrosoftYaHeiRegular"]],12,["literal",["MicrosoftYaHeiBold"]]],
            "text-padding": 2,
            "text-offset": [0, 0.5],
            "text-anchor": "top",
            "text-field": ["to-string", ["get", "BZMC"]],
            "text-max-width": 8
        },
        "paint": {
            "text-color": ["interpolate",["linear"],["zoom"],10,"#686868",12,"#4E4E4E"],
            "text-halo-color": "#FFFFFF",
            "text-halo-width": 1.2
        }
      },
      {
        "id": "XZQH_GWH_PT_YQ",
        "type": "symbol",
        "source": "SZ_BaseMap_8",
        "source-layer": "XZQH_XZJG_PT_8",
        "filter":["match", ["get", "BZMC"],["苏州工业园区"], true,false],
        "minzoom": 8,
        "layout": {
            "text-line-height": 1.1,
            "text-size": ["interpolate",["linear"],["zoom"],8,10, 10,12, 14,14, 20,16],
            "icon-image": [ "step",["zoom"],"",8,"XZQH_QX_PT_S",9,"XZQH_QX_PT_M",12,"XZQH_QX_PT_L"],
            "text-max-angle": 38,
            "text-font": ["step",["zoom"],["literal",["MicrosoftYaHeiRegular"]],12,["literal",["MicrosoftYaHeiBold"]]],
            "text-padding": 2,
            "text-offset": [0, 0.5],
            "text-anchor": "top",
            "text-field": ["to-string", ["get", "BZMC"]],
            "text-max-width": 8
        },
        "paint": {
            "text-color": ["interpolate",["linear"],["zoom"],10,"#686868",12,"#4E4E4E"],
            "text-halo-color": "#FFFFFF",
            "text-halo-width": 1.2
        }
      },
      {
        "id": "XZQH_DS_PT",
        "type": "symbol",
        "source": "SZ_BaseMap_8",
        "source-layer": "XZQH_XZJG_PT_8",
        "filter":["match", ["get", "JB"], ["地市级"], true,false ],
        "minzoom": 8,
        "layout": {
            "text-line-height": 1.1,
            "text-size": ["interpolate",["linear"],["zoom"],8,12, 10,14, 14,16, 18,18],
            "icon-image": [ "step",["zoom"],"",8,"XZQH_DS_PT_S",10,"XZQH_DS_PT_L"],
            "text-max-angle": 38,
            "text-font": ["MicrosoftYaHeiBold"],
            "text-padding": 2,
            "text-offset": [0, 0.6],
            "text-anchor": "top",
            "text-field": "苏州市",
            "text-max-width": 8
        },
        "paint": {
            "text-color": "#4E4E4E",
            "text-halo-color": "#FFFFFF",
            "text-halo-width": 1.2
        }
      }
  ]

}
