{
  "version": 8,
  "name": "NT_BaseMap",
  "sources": {
    "NT_BaseMap": {
      "tiles": [
        "http://map5.cityfun.com.cn/geoserver/gwc/service/tms/1.0.0/NT_BaseMap%3ANT_BaseMap@EPSG%3A4326@pbf/{z}/{x}/{y}.pbf"
      ],
      "zoomOffset": -1,
      "type": "vector",
      "scheme": "tms"
    }
  },
  "glyphs": "http://webres.cityfun.com.cn/NTScmAssets/Fonts/{fontstack}/{range}.pbf",
  "sprite": "http://webres.cityfun.com.cn/NTScmAssets/sprites/sprite",
  "zoom": 8.5,
  "center": [120.99244, 32.23938],
  "layers": [
    {
      "id": "background",
      "type": "background",
      "paint": {
        "background-color": "#0a1729"
      }
    },
    {
      "id": "S_SX_P",
      "type": "fill",
      "source": "NT_BaseMap",
      "source-layer": "S_SX_P_V",
      "minzoom": 8,
      "layout": {},
      "paint": {
        "fill-color": [
          "step",
          ["zoom"],
          [
            "case",
            [">=", ["to-number", ["get", "mj"]], 5000000],
            "#29425f",
            "hsla(0, 72%, 53%, 0)"
          ],
          11,
          [
            "case",
            [">=", ["to-number", ["get", "mj"]], 500000],
            "#29425f",
            "hsla(0, 72%, 53%, 0)"
          ],
          12,
          [
            "case",
            [">=", ["to-number", ["get", "mj"]], 100000],
            "#29425f",
            "hsla(0, 72%, 53%, 0)"
          ],
          13,
          "#29425f"
        ]
      }
    },
    {
      "id": "X_XZQY_DS_P_Bak",
      "type": "fill",
      "source": "NT_BaseMap",
      "source-layer": "X_XZQY_DS_P_V",
      "filter": ["match", ["get", "name"], ["南通市"], true, false],
      "layout": {},
      "paint": {
        "fill-color": "#183966",
        "fill-opacity": 0.3
      }
    },

    {
      "id": "X_XZQY_DS_B_200",
      "type": "fill-extrusion",
      "source": "NT_BaseMap",
      "source-layer": "X_XZQY_DS_B_200",
      "minzoom": 10,
      "paint": {
        "fill-extrusion-height": 150,
        "fill-extrusion-color": "#87A1CC"
      }
    },
    {
      "id": "X_XZQY_DS_B_400",
      "type": "fill-extrusion",
      "source": "NT_BaseMap",
      "maxzoom": 10,
      "source-layer": "X_XZQY_DS_B_400",
      "paint": {
        "fill-extrusion-height": 150,
        "fill-extrusion-color": "#88bbdb"
      }
    },

    {
      "id": "J_DLZXX_SQYJDL_L",
      "type": "line",
      "source": "NT_BaseMap",
      "source-layer": "J_DLZXX_SQYJDL_L",
      "minzoom": 11,
      "layout": {
        "line-cap": "round",
        "line-join": "round"
      },
      "paint": {
        "line-color": [
          "step",
          ["zoom"],
          "hsla(0, 72%, 53%, 0)",
          11,
          [
            "case",
            [">=", ["to-number", ["get", "length"]], 800],
            "#185c7a",
            "hsla(0, 72%, 53%, 0)"
          ],
          12,
          [
            "case",
            [">=", ["to-number", ["get", "length"]], 300],
            "#185c7a",
            "hsla(0, 72%, 53%, 0)"
          ],
          13,
          "#185c7a"
        ],
        "line-width": {
          "stops": [
            [10, 1.5],
            [12, 3],
            [14, 5],
            [16, 9]
          ]
        }
      }
    },
    {
      "id": "J_DLZXX_XD_L",
      "type": "line",
      "source": "NT_BaseMap",
      "source-layer": "J_DLZXX_XD_L",
      "minzoom": 9.5,
      "layout": {
        "line-cap": "round",
        "line-join": "round"
      },
      "paint": {
        "line-color": "#185c7a",
        "line-width": {
          "stops": [
            [8, 1],
            [10, 2.5],
            [12, 5],
            [14, 7],
            [16, 9]
          ]
        }
      }
    },
    {
      "id": "J_DLZXX_SD_L",
      "type": "line",
      "source": "NT_BaseMap",
      "source-layer": "J_DLZXX_SD_L",
      "minzoom": 8,
      "layout": {
        "line-cap": "round",
        "line-join": "round"
      },
      "paint": {
        "line-color": "#185c7a",
        "line-width": {
          "stops": [
            [8, 2],
            [10, 4],
            [12, 7],
            [14, 9],
            [16, 11]
          ]
        }
      }
    },
    {
      "id": "J_DLZXX_GD_L",
      "type": "line",
      "source": "NT_BaseMap",
      "source-layer": "J_DLZXX_GD_L",
      "minzoom": 8,
      "layout": {
        "line-cap": "round",
        "line-join": "round"
      },
      "paint": {
        "line-color": "#185c7a",
        "line-width": {
          "stops": [
            [8, 2],
            [10, 4],
            [12, 7],
            [14, 9],
            [16, 11]
          ]
        }
      }
    },
    {
      "id": "J_DLZXX_GSYL_L",
      "type": "line",
      "source": "NT_BaseMap",
      "source-layer": "J_DLZXX_GSYL_L",
      "minzoom": 12,
      "layout": {
        "line-cap": "round",
        "line-join": "round"
      },
      "paint": {
        "line-color": "#185c7a",
        "line-width": {
          "stops": [
            [8, 3],
            [10, 5],
            [12, 6],
            [14, 7],
            [16, 9]
          ]
        }
      }
    },
    {
      "id": "J_DLZXX_GSGL_L",
      "type": "line",
      "source": "NT_BaseMap",
      "source-layer": "J_DLZXX_GSGL_L",
      "minzoom": 8,
      "layout": {
        "line-cap": "round",
        "line-join": "round"
      },
      "paint": {
        "line-color": "#185c7a",
        "line-width": {
          "stops": [
            [8, 3],
            [10, 6],
            [12, 9],
            [14, 11],
            [16, 13]
          ]
        }
      }
    },
    {
      "id": "X_XZQY_DS_L",
      "type": "line",
      "source": "NT_BaseMap",
      "source-layer": "X_XZQY_DS_P_V",
      "layout": {},
      "paint": {
        "line-color": "#36444D",
        "line-opacity": [
          "interpolate",
          ["linear"],
          ["zoom"],
          8,
          0.6,
          10,
          0.5,
          16,
          0.4
        ],
        "line-width": ["interpolate", ["linear"], ["zoom"], 8, 2, 16, 4, 22, 6]
      }
    },
    {
      "id": "X_XZQY_QX_L",
      "type": "line",
      "source": "NT_BaseMap",
      "source-layer": "X_XZQY_QX_P_V",
      "filter": [
        "match",
        ["get", "name"],
        [
          "崇川区",
          "港闸区",
          "通州区",
          "如东县",
          "启东市",
          "如皋市",
          "海门市",
          "海安市"
        ],
        true,
        false
      ],
      "layout": {},
      "paint": {
        "line-color": "#88bbdb",
        "line-opacity": 0.8,
        "line-width": [
          "interpolate",
          ["linear"],
          ["zoom"],
          8,
          2,
          16,
          3.5,
          22,
          6
        ]
      }
    },
    {
      "id": "J_DLZXX_SQYJDL_Label",
      "type": "symbol",
      "source": "NT_BaseMap",
      "source-layer": "J_DLZXX_SQYJDL_L",
      "minzoom": 14,
      "layout": {
        "symbol-placement": "line",
        "text-font": ["MicrosoftYaHeiBold"],
        "text-size": ["interpolate", ["linear"], ["zoom"], 14, 18, 16, 20],
        "text-max-width": 8,
        "text-field": ["to-string", ["get", "name"]],
        "text-letter-spacing": 0.1,
        "symbol-spacing": [
          "interpolate",
          ["linear"],
          ["zoom"],
          14,
          500,
          16,
          700
        ],
        "text-optional": true
      },
      "paint": {
        "text-color": [
          "interpolate",
          ["linear"],
          ["zoom"],
          17,
          "#78b4d5",
          18,
          "#8FD8FF"
        ],
        "text-halo-color": "#0D0F14",
        "text-halo-width": 1.33333
      }
    },
    {
      "id": "J_DLZXX_XD_Label",
      "type": "symbol",
      "source": "NT_BaseMap",
      "source-layer": "J_DLZXX_XD_L",
      "minzoom": 11,
      "layout": {
        "symbol-placement": "line",
        "text-font": ["MicrosoftYaHeiBold"],
        "text-size": [
          "interpolate",
          ["linear"],
          ["zoom"],
          10,
          16,
          12,
          18,
          14,
          20,
          16,
          22
        ],
        "text-max-width": 8,
        "text-field": ["to-string", ["get", "name"]],
        "text-letter-spacing": 0.1,
        "symbol-spacing": [
          "interpolate",
          ["linear"],
          ["zoom"],
          11,
          500,
          12,
          500,
          13,
          500,
          14,
          500,
          16,
          700
        ],
        "text-optional": true
      },
      "paint": {
        "text-color": [
          "interpolate",
          ["linear"],
          ["zoom"],
          17,
          "#78b4d5",
          18,
          "#8FD8FF"
        ],
        "text-halo-color": "#0D0F14",
        "text-halo-width": 1.33333
      }
    },
    {
      "id": "J_DLZXX_SD_Label",
      "type": "symbol",
      "source": "NT_BaseMap",
      "source-layer": "J_DLZXX_SD_L",
      "minzoom": 9,
      "layout": {
        "symbol-placement": "line",
        "text-font": ["MicrosoftYaHeiBold"],
        "text-size": [
          "interpolate",
          ["linear"],
          ["zoom"],
          8,
          16,
          10,
          18,
          12,
          20,
          14,
          22,
          16,
          24
        ],
        "text-max-width": 8,
        "text-field": ["to-string", ["get", "name"]],
        "text-letter-spacing": 0.1,
        "symbol-spacing": [
          "interpolate",
          ["linear"],
          ["zoom"],
          9,
          200,
          10,
          300,
          11,
          500,
          12,
          600,
          13,
          500,
          14,
          500,
          16,
          700
        ],
        "text-optional": true
      },
      "paint": {
        "text-color": [
          "interpolate",
          ["linear"],
          ["zoom"],
          17,
          "#78b4d5",
          18,
          "#8FD8FF"
        ],
        "text-halo-color": "#0D0F14",
        "text-halo-width": 1.33333
      }
    },
    {
      "id": "J_DLZXX_GD_Label",
      "type": "symbol",
      "source": "NT_BaseMap",
      "source-layer": "J_DLZXX_GD_L",
      "minzoom": 9,
      "layout": {
        "symbol-placement": "line",
        "text-font": ["MicrosoftYaHeiBold"],
        "text-size": [
          "interpolate",
          ["linear"],
          ["zoom"],
          8,
          16,
          10,
          18,
          12,
          20,
          14,
          22,
          16,
          24
        ],
        "text-max-width": 8,
        "text-field": ["to-string", ["get", "name"]],
        "text-letter-spacing": 0.1,
        "symbol-spacing": [
          "interpolate",
          ["linear"],
          ["zoom"],
          9,
          200,
          10,
          300,
          11,
          500,
          12,
          600,
          13,
          500,
          14,
          500,
          16,
          700
        ],
        "text-optional": true
      },
      "paint": {
        "text-color": [
          "interpolate",
          ["linear"],
          ["zoom"],
          17,
          "#78b4d5",
          18,
          "#8FD8FF"
        ],
        "text-halo-color": "#0D0F14",
        "text-halo-width": 1.33333
      }
    },

    {
      "id": "J_DLZXX_GSGL_Label",
      "type": "symbol",
      "source": "NT_BaseMap",
      "source-layer": "J_DLZXX_GSGL_L",
      "minzoom": 8,
      "layout": {
        "symbol-placement": "line",
        "text-font": ["MicrosoftYaHeiBold"],
        "text-size": [
          "interpolate",
          ["linear"],
          ["zoom"],
          8,
          18,
          10,
          20,
          12,
          23,
          14,
          24,
          16,
          26
        ],
        "text-max-width": 8,
        "text-field": ["to-string", ["get", "name"]],
        "text-letter-spacing": [
          "interpolate",
          ["linear"],
          ["zoom"],
          8,
          0,
          10,
          0.1,
          12,
          0.1,
          13,
          0.2,
          14,
          0.2,
          16,
          0.3
        ],
        "symbol-spacing": [
          "interpolate",
          ["linear"],
          ["zoom"],
          8,
          0,
          9,
          250,
          10,
          400,
          11,
          500,
          12,
          500,
          13,
          550,
          14,
          750,
          16,
          900
        ],
        "text-optional": true
      },
      "paint": {
        "text-color": [
          "interpolate",
          ["linear"],
          ["zoom"],
          17,
          "#78b4d5",
          18,
          "#8FD8FF"
        ],
        "text-halo-color": "#0D0F14",
        "text-halo-width": 1.5
      }
    },
    {
      "id": "Q_JZW_P",
      "type": "fill-extrusion",
      "source": "NT_BaseMap",
      "source-layer": "Q_JZW_P",
      "minzoom": 13,
      "layout": {},
      "paint": {
        "fill-extrusion-height": ["to-number", ["get", "height"]],
        "fill-extrusion-color": "#ffffff",
        "fill-extrusion-opacity": 0.4
      }
    },
    {
      "id": "Q_DK_PT",
      "type": "symbol",
      "source": "NT_BaseMap",
      "source-layer": "Q_DK_PT",
      "minzoom": 15,
      "layout": {
        "text-field": ["to-string", ["get", "name"]],
        "text-font": ["MicrosoftYaHeiBold"],
        "text-size": [
          "interpolate",
          ["linear"],
          ["zoom"],
          14,
          20,
          16,
          22,
          20,
          24
        ]
      },
      "paint": {
        "text-color": "#B3E4FF",
        "text-halo-color": "#0D0F14",
        "text-halo-width": 1.33
      }
    },

    {
      "id": "X_QX_PT",
      "type": "symbol",
      "source": "NT_BaseMap",
      "source-layer": "X_QX_PT",
      "minzoom": 8,
      "layout": {
        "text-field": ["to-string", ["get", "name"]],
        "text-size": [
          "interpolate",
          ["linear"],
          ["zoom"],
          8,
          20,
          10,
          22,
          12,
          24,
          14,
          26,
          16,
          28
        ],
        "text-padding": 2,
        "text-font": ["MicrosoftYaHeiBold"]
      },
      "paint": {
        "text-color": [
          "interpolate",
          ["linear"],
          ["zoom"],
          8,
          "#A1CCE6",
          14,
          "#B3E4FF"
        ],
        "text-halo-width": 1,
        "text-halo-color": "#0D0F14"
      }
    },
    {
      "id": "X_DS_PT_QT",
      "type": "symbol",
      "source": "NT_BaseMap",
      "source-layer": "X_DS_PT_V",
      "filter": ["match", ["get", "name"], ["南通市"], false, true],
      "layout": {
        "text-line-height": 1.1,
        "text-size": [
          "interpolate",
          ["linear"],
          ["zoom"],
          8,
          20,
          10,
          22,
          12,
          24,
          14,
          26,
          16,
          28
        ],
        "text-font": ["MicrosoftYaHeiBold"],
        "text-padding": 2,
        "text-field": ["to-string", ["get", "name"]],
        "text-max-width": 8,
        "text-offset": [0, 0.5],
        "text-anchor": "top"
      },
      "paint": {
        "text-color": "#6B8A99",
        "text-halo-color": "#0D0F14",
        "text-halo-width": 1.33
      }
    },
    {
      "id": "X_DS_PT_QT_circle",
      "type": "circle",
      "source": "NT_BaseMap",
      "source-layer": "X_DS_PT_V",
      "filter": ["match", ["get", "name"], ["南通市"], false, true],
      "layout": {},
      "paint": {
        "circle-color": "#6B8A99",
        "circle-radius": ["interpolate", ["linear"], ["zoom"], 8, 5, 15, 10]
      }
    },
    {
      "id": "X_DS_PT_NT",
      "type": "symbol",
      "source": "NT_BaseMap",
      "source-layer": "X_DS_PT",
      "layout": {
        "text-line-height": 1.1,
        "text-size": [
          "interpolate",
          ["linear"],
          ["zoom"],
          8,
          22,
          10,
          24,
          12,
          26,
          14,
          28,
          16,
          30
        ],
        "icon-image": "X_DS_PT_S",
        "text-max-angle": 38,
        "text-font": ["MicrosoftYaHeiBold"],
        "text-padding": 2,
        "text-offset": [0, 0.6],
        "text-anchor": "top",
        "text-field": ["to-string", ["get", "name"]],
        "text-max-width": 8
      },
      "paint": {
        "text-color": "#B3E4FF",
        "text-halo-color": "#0D0F14",
        "text-halo-width": 1.33
      }
    }
  ]
}
