
{
  "version": 8,
  "name": "FHGX_Z",
  "sources": {
    "FHGX_Z": {
      "tiles": [
        "http://map2.cityfun.com.cn/geoserver/gwc/service/tms/1.0.0/FHGX_Z%3AFHGX_Z@EPSG%3A4326@pbf/{z}/{x}/{y}.pbf"

      ],
      "zoomOffset": -1,
      "type": "vector",
      "scheme":"tms"
    }
  },
  "glyphs": "http://webres.cityfun.com.cn/fhgx_zt/fonts/{fontstack}/{range}.pbf",
  "sprite": "http://webres.cityfun.com.cn/fhgx_zt/sprites/sprite",
   "zoom": 9,
    "center": [120.87297, 31.00889],
  "layers": [
    {
      "id": "xzqh_cjxzq_pt_label",
      "type": "symbol",
      "source": "FHGX_Z",
      "source-layer": "xzqh_cjxzq_pt",
      "minzoom":5,
      "layout": {
          "text-field": ["to-string", ["get", "xzqmc"]],
          "text-line-height": 1.1,
          "text-size": ["interpolate",["linear"],["zoom"],5,8, 8,10, 10,12, 14,14, 20,16],
          "text-max-angle": 38,
          "text-font": ["MicrosoftYaHeiBold"],
          "text-padding": 2,
          "text-anchor": "center",
          "text-max-width": 8
      },
      "paint": {
          "text-color":"#AD00E7",
          "text-halo-color": "#FFFFFF",
          "text-halo-width": 1.2
      }
    },

    {
      "id": "xzqh_cjxzq_p_D",
      "type": "line",
      "source": "FHGX_Z",
      "source-layer": "xzqh_cjxzq_p",
      "minzoom": 9,
      "layout": {},
      "paint": {
      "line-color": "#FFFFFF",
      "line-width": 2
      }
    },
    {
      "id": "xzqh_cjxzq_p",
      "type": "line",
      "source": "FHGX_Z",
      "source-layer": "xzqh_cjxzq_p",
      "minzoom": 9,
      "layout": {},
      "paint": {
      "line-color": "#AD00E7",
      "line-width": 1.5,
      "line-dasharray": [
        "step",
        ["zoom"],
        ["literal", [3.5, 1, 0.5, 1, 0.5]],
        8,
        ["literal", [7, 1.5, 1, 1.5, 1]],
        16,
        ["literal", [10.5, 2, 1.5, 2, 1.5]]
      ]

      }
    },

    {
      "id": "xzqh_xzjxzq_pt_label",
      "type": "symbol",
      "source": "FHGX_Z",
      "source-layer": "xzqh_xzjxzq_pt",
      "minzoom": 5,
      "layout": {
          "text-field": ["to-string", ["get", "xzqmc"]],
          "text-line-height": 1.1,
          "text-size": ["interpolate",["linear"],["zoom"],8,12, 10,14, 14,16, 20,18],
          "text-font": ["MicrosoftYaHeiBold"],
          "text-padding": 2,
          "text-anchor": "center",
          "text-max-width": 8

      },
      "paint": {
          "text-color": "#FF0000",
          "text-halo-color": "#FFFFFF",
          "text-halo-width": 1.2
      }
    },
    {
      "id": "xzqh_xzjxzq_p_D",
      "type": "line",
      "source": "FHGX_Z",
      "source-layer": "xzqh_xzjxzq_p",
      "minzoom": 9,
      "layout": {},
      "paint": {
      "line-color": "#FFFF00",
      "line-width": 3
      }
    },
    {
      "id": "xzqh_xzjxzq_p",
      "type": "line",
      "source": "FHGX_Z",
      "source-layer": "xzqh_xzjxzq_p",
      "minzoom": 9,
      "layout": {},
      "paint": {
      "line-color": "#FF0000",
      "line-width": 2,
      "line-dasharray": [
        "step",
        ["zoom"],
        ["literal", [3.5, 1, 0.5, 1, 0.5]],
        8,
        ["literal", [7, 1.5, 1, 1.5, 1]],
        16,
        ["literal", [10.5, 2, 1.5, 2, 1.5]]
      ]

      }
    },

    {
      "id": "zghpsgx_ysgx_l",
      "type": "line",
      "source": "FHGX_Z",
      "source-layer": "zghpsgx_ysgx_l",
      "minzoom": 9,
      "layout": {},
      "paint": {
      "line-color": "#318273",
        "line-width": 4
      }
    },

    {
      "id": "zghpsgx_wsgx_l",
      "type": "line",
      "source": "FHGX_Z",
      "source-layer": "zghpsgx_wsgx_l",
      "minzoom": 9,
      "layout": {},
      "paint": {
      "line-color": "#8C7142",
        "line-width": 4
      }
    },

    {
      "id": "zpsgx_psqk_p",
      "type": "fill",
      "source": "FHGX_Z",
      "source-layer": "zpsgx_psqk_p",
      "minzoom": 9,
      "layout": {},
      "paint": {
      "fill-color": "#0078FF",
      "fill-opacity":0.3,
      "fill-outline-color": "#005CE6"
      }
    },

    {
      "id": "zpsgx_ysgd_l",
      "type": "line",
      "source": "FHGX_Z",
      "source-layer": "zpsgx_ysgd_l",
      "minzoom": 9,
      "layout": {},
      "paint": {
      "line-color": "#C66900",
       "line-width": 4
      }
    },

    {
      "id": "zpsgx_wsgd_l",
      "type": "line",
      "source": "FHGX_Z",
      "source-layer": "zpsgx_wsgd_l",
      "minzoom": 9,
      "layout": {},
      "paint": {
      "line-color": "#FF8608",
        "line-width": 4
      }
    },

    {
      "id": "zpsgx_ysgd_pt_circle",
      "type": "circle",
      "source": "FHGX_Z",
      "source-layer": "zpsgx_ysgd_pt",
      "minzoom": 9,
      "maxzoom":15,
      "layout": {},
    "paint": {
      "circle-color":"#C66900",
      "circle-blur": 0,
      "circle-stroke-width": 1,
      "circle-stroke-color": "#733e01",
      "circle-radius":[
        "step",
        ["zoom"],
        9,
        2,
        12,
        4,
        6
      ],
      "circle-opacity": 0.8,
      "circle-stroke-opacity": 0.5
    }
    },
    {
      "id": "zpsgx_ysgd_pt",
      "type": "symbol",
      "source": "FHGX_Z",
      "source-layer": "zpsgx_ysgd_pt",
      "minzoom": 15,
      "layout": {
          "text-line-height": 1.1,
          "text-size": ["interpolate",["linear"],["zoom"],8,10, 10,12, 14,14, 20,16],
          "icon-image": ["match",["get", "ztlx"],["出水口"],"ysgd/GD",["检修井","雨水井"],"ysgd/YSJ_JXJ",["雨箅"],"ysgd/YB",["转折点_四通"],"ysgd/ZZD_ST",["非普查区去向"],"ysgd/FPCQQX",["管堵"],"ysgd/GD","ysgd/GD"],
          "text-max-angle": 38,
          "text-font": ["step",["zoom"],["literal",["MicrosoftYaHeiRegular"]],12,["literal",["MicrosoftYaHeiBold"]]],
          "text-padding": 2,
          "text-offset": [0, 0.5],
          "text-anchor": "top",
          "text-max-width": 8
      },
      "paint": {
          "text-color": ["interpolate",["linear"],["zoom"],10,"#686868",12,"#4E4E4E"],
          "text-halo-color": "#FFFFFF",
          "text-halo-width": 1.2
      }
    },


    {
      "id": "zpsgx_wsgd_pt_circle",
      "type": "circle",
      "source": "FHGX_Z",
      "source-layer": "zpsgx_wsgd_pt",
      "minzoom": 9,
      "maxzoom":15,
      "layout": {},
    "paint": {
      "circle-color":"#FF7D00",
      "circle-blur": 0,
      "circle-stroke-width": 1,
      "circle-stroke-color": "#874301",
      "circle-radius":[
        "step",
        ["zoom"],
        9,
        2,
        12,
        4,
        6
      ],
      "circle-opacity": 0.8,
      "circle-stroke-opacity": 0.5
    }
    },
    {
      "id": "zpsgx_wsgd_pt",
      "type": "symbol",
      "source": "FHGX_Z",
      "source-layer": "zpsgx_wsgd_pt",
      "minzoom": 15,
      "layout": {
          "text-line-height": 1.1,
          "text-size": ["interpolate",["linear"],["zoom"],8,10, 10,12, 14,14, 20,16],
          "icon-image": ["match",["get", "ztlx"],["污水井","检修井"],"wsgd/WSJ_JXJ",["非普查区去向"],"wsgd/FPCQQX",["转折点_桩"],"wsgd/ZZD_Z","wsgd/ZZD_Z"],
          "text-max-angle": 38,
          "text-font": ["step",["zoom"],["literal",["MicrosoftYaHeiRegular"]],12,["literal",["MicrosoftYaHeiBold"]]],
          "text-padding": 2,
          "text-offset": [0, 0.5],
          "text-anchor": "top",
          "text-max-width": 8
      },
      "paint": {
          "text-color": ["interpolate",["linear"],["zoom"],10,"#686868",12,"#4E4E4E"],
          "text-halo-color": "#FFFFFF",
          "text-halo-width": 1.2
      }
    },


    {
      "id": "zpsss_wsclc_pt_circle",
      "type": "circle",
      "source": "FHGX_Z",
      "source-layer": "zpsss_wsclc_pt",
      "minzoom": 9,
      "maxzoom":12,
      "layout": {},
    "paint": {
      "circle-color":"#295594",
      "circle-blur": 0,
      "circle-stroke-width": 1,
      "circle-stroke-color": "#032f6e",
      "circle-radius":[
        "step",
        ["zoom"],
        9,
        2,
        12,
        4,
        6
      ],
      "circle-opacity": 0.8,
      "circle-stroke-opacity": 0.5
    }
    },
    {
      "id": "zpsss_wsclc_pt",
      "type": "symbol",
      "source": "FHGX_Z",
      "source-layer": "zpsss_wsclc_pt",
      "minzoom": 12,
      "layout": {
          "text-field": ["to-string", ["get", "jc"]],
          "text-line-height": 1.1,
          "text-size": ["interpolate",["linear"],["zoom"],8,10, 10,12, 14,14, 20,16],
          "icon-image": ["match","get",["污水处理厂"],"wsclc","wsclc"],
          "text-max-angle": 38,
          "text-font": ["step",["zoom"],["literal",["MicrosoftYaHeiRegular"]],12,["literal",["MicrosoftYaHeiBold"]]],
          "text-padding": 2,
          "text-offset": [0, 1],
          "text-anchor": "top",
          "text-max-width": 8
      },
      "paint": {
          "text-color": ["interpolate",["linear"],["zoom"],10,"#295594",12,"#032f6e"],
          "text-halo-color": "#FFFFFF",
          "text-halo-width": 1.2
      }
    },

    {
      "id": "zpsss_bz_pt_circle",
      "type": "circle",
      "source": "FHGX_Z",
      "source-layer": "zpsss_bz_pt",
      "minzoom": 9,
      "maxzoom":12,
      "layout": {},
    "paint": {
      "circle-color":"#0071FF",
      "circle-blur": 0,
      "circle-stroke-width": 1,
      "circle-stroke-color": "#034ca8",
      "circle-radius":[
        "step",
        ["zoom"],
        9,
        2,
        12,
        4,
        6
      ],
      "circle-opacity": 0.8,
      "circle-stroke-opacity": 0.5
    }
    },
    {
      "id": "zpsss_bz_pt",
      "type": "symbol",
      "source": "FHGX_Z",
      "source-layer": "zpsss_bz_pt",
      "minzoom": 12,
      "layout": {
          "text-field": ["to-string", ["get", "mc"]],
          "text-line-height": 1.1,
          "text-size": ["interpolate",["linear"],["zoom"],8,10, 10,12, 14,14, 20,16],
          "icon-image": ["match","get",["泵站"],"bz","bz"],
          "text-max-angle": 38,
          "text-font": ["step",["zoom"],["literal",["MicrosoftYaHeiRegular"]],12,["literal",["MicrosoftYaHeiBold"]]],
          "text-padding": 2,
          "text-offset": [0, 0.8],
          "text-anchor": "top",
          "text-max-width": 8
      },
      "paint": {
          "text-color": ["interpolate",["linear"],["zoom"],10,"#0071FF",15,"#034ca8"],
          "text-halo-color": "#FFFFFF",
          "text-halo-width": 1.2
      }
    },

    {
      "id": "zpsss_ysk_pt_circle",
      "type": "circle",
      "source": "FHGX_Z",
      "source-layer": "zpsss_ysk_pt",
      "minzoom": 9,
      "maxzoom":12,
      "layout": {},
    "paint": {
      "circle-color":"#E74D00",
      "circle-blur": 0,
      "circle-stroke-width": 1,
      "circle-stroke-color": "#873005",
      "circle-radius":[
        "step",
        ["zoom"],
        9,
        2,
        12,
        4,
        6
      ],
      "circle-opacity": 0.8,
      "circle-stroke-opacity": 0.5
    }
    },
    {
      "id": "zpsss_ysk_pt",
      "type": "symbol",
      "source": "FHGX_Z",
      "source-layer": "zpsss_ysk_pt",
      "minzoom": 12,
      "layout": {
          "text-line-height": 1.1,
          "text-size": ["interpolate",["linear"],["zoom"],8,10, 10,12, 14,14, 20,16],
          "icon-image": ["match","get",["雨水口"],"ysk","ysk"],
          "text-max-angle": 38,
          "text-font": ["step",["zoom"],["literal",["MicrosoftYaHeiRegular"]],12,["literal",["MicrosoftYaHeiBold"]]],
          "text-padding": 2,
          "text-offset": [0, 0.5],
          "text-anchor": "top",
          "text-max-width": 8
      },
      "paint": {
          "text-color": ["interpolate",["linear"],["zoom"],10,"#686868",12,"#4E4E4E"],
          "text-halo-color": "#FFFFFF",
          "text-halo-width": 1.2
      }
    }

  ]

}
