
{
  "msg": "success",
  "code": 1,
  "data":  [
    {
      "title": "苏沪线点位注意事项",
      "type": "0",
      "collected": true,
      "id":"0000",
      "wkt": "Point(120.68 31.32)"
    },
    {
      "title": "苏沪线点位注意事项",
      "type": "0",
      "collected": true,
      "id":"1111",
      "wkt": "Point(120.681 31.301)"
    },{
      "title": "苏沪线点位注意事项",
      "type": "0",
      "collected": true,
      "id":"2222",
      "wkt": "Point(120.683 31.303)"
    },{
      "title": "苏沪线点位注意事项",
      "type": "0",
      "collected": true,
      "id":"3333",
      "wkt": "Point(120.685 31.305)"
    }
  ]
}

