{
  "status": {
    "code": "200",
    "desc": "操作成功"
  },
  "data": {
    "mapinfo": {
      "extent": null,
      "extent_tpl": {
        "xmin": 120.67967269912378,
        "ymin": 31.2938931596835,
        "xmax": 120.70445265714949,
        "ymax": 31.34402267651852
      },
      "spatialReference": "EPSG:3857",
      "zoom": 1
    },
    "defaultlayers": [
      {
        "aid": "google-image-aid",
        "isbase": true
      }
    ],
    "layers": [
       {
        "id": "",
        "name": "",
        "type": "PT-VTStyle,PT-WMS,PT-WMTS,PT-ESRI-Tile,PT-ESRI-Dynamic"
        
      },
      {
        "id": "0CF78BB9-AF6C-4F50-9445-4C293E02CE70",
        "name": "绿地-wms服务",
        "type": "PT-WMS",
        "tokenid": "",
        "url": "http://192.168.2.76/geocms/v1/cf/rest/services/MapService/OGC/3b6bc948-e4e9-4bc6-a0da-a8e8634785b5",
        "des": ""
      },
      {
      "id": "4F12BAD4-9B64-487F-881D-AF98810959D8",
        "name": "地块-ArcGIS Dynamic",
        "type": "PT-ESRI-Dynamic",
        "tokenid": "",
        "url": "http://192.168.2.76/geocms/v1/cf/rest/services/MapService/ESRI/ced7d6b9-2aca-48f9-89be-d0376ced9de7",
        "des": ""
      }
    ],
    "alayers": [
      {
        "aid": "B914AA73-4A67-484F-B30A-FCB44463653B",
        "name": "绿地-wms服务",
        "layers": [
          {
            "id": "0CF78BB9-AF6C-4F50-9445-4C293E02CE70",
            "layers": "Test_20210118:LD_GY_P"
          }
        ]
      },
      {
        "aid": "71A9BD2F-B703-4DB4-B4CF-6D90B62D37C4",
        "name": "地块-ArcGIS Dynamic",
        "layers": [
          {
            "id": "4F12BAD4-9B64-487F-881D-AF98810959D8",
            "layers": ""
          }
        ]
      },
      {
        "aid": "E75382D0-1BFC-4CC3-86FF-5429D39FA0E8",
        "name": "建筑用途分布",
        "layers": [
          {
            "id": "234D8324-EA53-46ED-BAF4-E2757BD93575"
          }
        ]
      },
      {
        "aid": "D2E7EEA9-6443-4BD6-B633-F1790B0960E4",
        "name": "法人注册分布",
        "layers": [
          {
            "id": "5186F9D2-DC69-42E6-95B3-EFF7C11A5D6A"
          }
        ]
      },
      {
        "aid": "69206F39-F91A-40B7-AD36-17847101D41B",
        "name": "人口精细化管理",
        "layers": [
          {
            "id": "4248CDE5-5332-45EC-A684-C1AB99006996"
          }
        ]
      }
    ],
    "tokens": [
      {
        "id": "Token_scm",
        "type": "result",
        "val": ""
      }
    ]
  }
}
